-- phpMyAdmin SQL Dump
-- version 5.0.2
-- https://www.phpmyadmin.net/
--
-- Hôte : 127.0.0.1:3306
-- Généré le : jeu. 20 mai 2021 à 14:41
-- Version du serveur :  10.4.13-MariaDB
-- Version de PHP : 7.4.9

SET SQL_MODE = "NO_AUTO_VALUE_ON_ZERO";
START TRANSACTION;
SET time_zone = "+00:00";


/*!40101 SET @OLD_CHARACTER_SET_CLIENT=@@CHARACTER_SET_CLIENT */;
/*!40101 SET @OLD_CHARACTER_SET_RESULTS=@@CHARACTER_SET_RESULTS */;
/*!40101 SET @OLD_COLLATION_CONNECTION=@@COLLATION_CONNECTION */;
/*!40101 SET NAMES utf8mb4 */;

--
-- Base de données : `dbmdl`
--

-- --------------------------------------------------------

--
-- Structure de la table `atelier`
--

DROP TABLE IF EXISTS `atelier`;
CREATE TABLE IF NOT EXISTS `atelier` (
  `id` int(11) NOT NULL AUTO_INCREMENT,
  `libelle` varchar(255) COLLATE utf8mb4_unicode_ci NOT NULL,
  `nb_places_maxi` int(11) NOT NULL,
  PRIMARY KEY (`id`)
) ENGINE=InnoDB AUTO_INCREMENT=7 DEFAULT CHARSET=utf8mb4 COLLATE=utf8mb4_unicode_ci;

--
-- Déchargement des données de la table `atelier`
--

INSERT INTO `atelier` (`id`, `libelle`, `nb_places_maxi`) VALUES
(1, 'Le club et son projet', 13),
(2, 'Fonctionnement du club', 30),
(3, 'Les outils à disposition et remis aux clubs', 22),
(4, 'Observatoire des métiers de l\'escrime', 40),
(5, 'I.F.F.E', 36),
(6, 'Développement durable', 75);

-- --------------------------------------------------------

--
-- Structure de la table `atelier_inscription`
--

DROP TABLE IF EXISTS `atelier_inscription`;
CREATE TABLE IF NOT EXISTS `atelier_inscription` (
  `atelier_id` int(11) NOT NULL,
  `inscription_id` int(11) NOT NULL,
  PRIMARY KEY (`atelier_id`,`inscription_id`),
  KEY `IDX_20EC8DC882E2CF35` (`atelier_id`),
  KEY `IDX_20EC8DC85DAC5993` (`inscription_id`)
) ENGINE=InnoDB DEFAULT CHARSET=utf8mb4 COLLATE=utf8mb4_unicode_ci;

--
-- Déchargement des données de la table `atelier_inscription`
--

INSERT INTO `atelier_inscription` (`atelier_id`, `inscription_id`) VALUES
(1, 1),
(2, 1),
(3, 1);

-- --------------------------------------------------------

--
-- Structure de la table `atelier_theme`
--

DROP TABLE IF EXISTS `atelier_theme`;
CREATE TABLE IF NOT EXISTS `atelier_theme` (
  `atelier_id` int(11) NOT NULL,
  `theme_id` int(11) NOT NULL,
  PRIMARY KEY (`atelier_id`,`theme_id`),
  KEY `IDX_AEB6D34382E2CF35` (`atelier_id`),
  KEY `IDX_AEB6D34359027487` (`theme_id`)
) ENGINE=InnoDB DEFAULT CHARSET=utf8mb4 COLLATE=utf8mb4_unicode_ci;

--
-- Déchargement des données de la table `atelier_theme`
--

INSERT INTO `atelier_theme` (`atelier_id`, `theme_id`) VALUES
(1, 1),
(1, 2),
(1, 3);

-- --------------------------------------------------------

--
-- Structure de la table `categorie_chambre`
--

DROP TABLE IF EXISTS `categorie_chambre`;
CREATE TABLE IF NOT EXISTS `categorie_chambre` (
  `id` int(11) NOT NULL AUTO_INCREMENT,
  `libelle_categorie` varchar(255) COLLATE utf8mb4_unicode_ci NOT NULL,
  PRIMARY KEY (`id`)
) ENGINE=InnoDB AUTO_INCREMENT=3 DEFAULT CHARSET=utf8mb4 COLLATE=utf8mb4_unicode_ci;

--
-- Déchargement des données de la table `categorie_chambre`
--

INSERT INTO `categorie_chambre` (`id`, `libelle_categorie`) VALUES
(1, 'Single'),
(2, 'Double');

-- --------------------------------------------------------

--
-- Structure de la table `club`
--

DROP TABLE IF EXISTS `club`;
CREATE TABLE IF NOT EXISTS `club` (
  `id` int(11) NOT NULL AUTO_INCREMENT,
  `nom` varchar(255) COLLATE utf8mb4_unicode_ci NOT NULL,
  `adresse1` varchar(255) COLLATE utf8mb4_unicode_ci NOT NULL,
  `adresse2` varchar(255) COLLATE utf8mb4_unicode_ci DEFAULT NULL,
  `cp` varchar(255) COLLATE utf8mb4_unicode_ci NOT NULL,
  `ville` varchar(255) COLLATE utf8mb4_unicode_ci NOT NULL,
  `tel` varchar(255) COLLATE utf8mb4_unicode_ci NOT NULL,
  PRIMARY KEY (`id`)
) ENGINE=InnoDB AUTO_INCREMENT=27 DEFAULT CHARSET=utf8mb4 COLLATE=utf8mb4_unicode_ci;

--
-- Déchargement des données de la table `club`
--

INSERT INTO `club` (`id`, `nom`, `adresse1`, `adresse2`, `cp`, `ville`, `tel`) VALUES
(1, 'Institut Vallier Marseille', '67a rue ferrari', NULL, '13005', 'Marseille', '0491476657    '),
(2, 'Escrime Provence', '1bis impasse des Independants', NULL, '13013', 'Marseille', '0671205105    '),
(3, 'Toulon Var Esscrime', 'Complexe sportif Vert Coteau', 'Rue Sous Lieutenant Guy Friggeri', '83000', 'Toulon', '0494366517    '),
(4, 'Hyeres Escrime', 'Gymnase des Rougières', 'Rue du Soldat', '83400', 'Hyères', '0494385994    '),
(5, 'Les Cadets de l\'Estuaire - Escrime', '38 Bis route de l\'Estuaire', NULL, '33390', 'PLASSAC', '0661214848    '),
(6, 'Bordeaux Bastide Escrime', 'RUE GALIN', NULL, '33100', 'BORDEAUX', '0777078961    '),
(7, 'Gradignan Talence Escrime', 'Parc de la Tannerie ', NULL, '33170', 'Gradignan', '0556891011    '),
(8, 'C.e. De Haguenau', 'Gymnase de la Musau', '16, rue du Colonel PAULUS', '67500', 'HAGUENAU', '0675412183    '),
(9, 'Club d\'escrime de Saverne la Licorne', 'COSEC SOURCES II ', '10 RUE SAINTE MARIE', '67700', 'SAVERNE', '0670341251    '),
(10, 'Strasbourg UC', 'Gymnase Aristide BRIAND', '43 avenue du Rhin', '67000', 'STRASBOURG', '0675749206    '),
(11, 'Section Paloise', '12 rue René Fournets', NULL, '64000', 'PAU', '0559276087    '),
(12, 'Escrime Reze Nantes Metropole', 'GYMNASE COLLEGE ND TOUTES AIDES', 'RUE DES EPINETTES', '44300', 'NANTES', '0616762045    '),
(13, 'NEC Escrime', 'Complexe Sportif Mangin Beaulieu', 'Rue Louis Joxe', '44200', 'Nantes', '0251724313    '),
(14, 'Escrime Valletaise', 'salle des dorices', NULL, '44330', 'VALLET', '0240547574    '),
(15, 'CE d\'Armentières', 'Hall sportive Jean Zay Salle Maurice DIERCKENS ', '8 rue de l\'octroi', '59280', 'ARMENTIERES', '0631827256    '),
(16, 'Academie Escrime Vauban Lille', 'aventure Crypte St Pierre St Paul', NULL, '59000', 'LILLE', '0659358095    '),
(17, 'C.e. De Faches Thumesnil', 'Salle Dumas Rue Dumas', NULL, '59155', 'FACHES-THUMESNIL', '0662045987    '),
(18, 'CE de Roubaix', '4 rue Jules Guesde', NULL, '59100', 'Roubaix', '0320755448    '),
(19, 'Haubourdin Escrime Club', 'Complexe omnisports Thérey Godin Salle Raoul Dufour', 'Avenue de Beaupré', '59320', 'HAUBOURDIN', '0659806224    '),
(20, 'Escrime Ouest Lyonnais', '2 Rue de la Cadière', NULL, '69600', 'OULLINS', '0478518769    '),
(21, 'Club Sportif Décinois d\'Escrime', 'gymnase Becquerel Salle Sophie NABETH', '37 rue sully', '69150', 'Décines', '0651842537    '),
(22, 'Vénissieux Escrime', 'Gymnase Jacques Brel', '7 avenue d\'Oschatz', '69200', 'VENISSIEUX', '0472510926    '),
(23, 'Escrime Club du Val de Saône', 'Gymnase Rosa Parks', '13 rue Pollet', '69250', 'NEUVILLE SUR SAONE', '0670108294    '),
(24, 'Cercle d\'Escrime Nord Isère', 'Hall des sports', '21, avenue des Alpes', '38300', 'BOURGOIN JALLIEU', '0651191558    '),
(25, 'SA de Mandelieu la Napoule', ' Adresse 1435 bd des Terme', NULL, '06210', 'MANDELIEU LA NAPOULE', '0493496213    '),
(26, 'E.s. Le Cannet Rocheville', 'Gymnase MAILLAN', 'Boulevard Georges POMPIDOU', '06110', 'LE CANNET', '0615373706    ');

-- --------------------------------------------------------

--
-- Structure de la table `doctrine_migration_versions`
--

DROP TABLE IF EXISTS `doctrine_migration_versions`;
CREATE TABLE IF NOT EXISTS `doctrine_migration_versions` (
  `version` varchar(191) COLLATE utf8_unicode_ci NOT NULL,
  `executed_at` datetime DEFAULT NULL,
  `execution_time` int(11) DEFAULT NULL,
  PRIMARY KEY (`version`)
) ENGINE=InnoDB DEFAULT CHARSET=utf8 COLLATE=utf8_unicode_ci;

--
-- Déchargement des données de la table `doctrine_migration_versions`
--

INSERT INTO `doctrine_migration_versions` (`version`, `executed_at`, `execution_time`) VALUES
('DoctrineMigrations\\Version20210401081910', '2021-04-08 07:12:41', 1031),
('DoctrineMigrations\\Version20210506075439', '2021-05-17 08:36:54', 128),
('DoctrineMigrations\\Version20210518163124', '2021-05-18 16:39:36', 163);

-- --------------------------------------------------------

--
-- Structure de la table `hotel`
--

DROP TABLE IF EXISTS `hotel`;
CREATE TABLE IF NOT EXISTS `hotel` (
  `id` int(11) NOT NULL AUTO_INCREMENT,
  `nom` varchar(255) COLLATE utf8mb4_unicode_ci NOT NULL,
  `adresse1` varchar(255) COLLATE utf8mb4_unicode_ci NOT NULL,
  `adresse2` varchar(255) COLLATE utf8mb4_unicode_ci DEFAULT NULL,
  `cp` varchar(255) COLLATE utf8mb4_unicode_ci NOT NULL,
  `ville` varchar(255) COLLATE utf8mb4_unicode_ci NOT NULL,
  `tel` varchar(255) COLLATE utf8mb4_unicode_ci NOT NULL,
  `mail` varchar(255) COLLATE utf8mb4_unicode_ci NOT NULL,
  PRIMARY KEY (`id`)
) ENGINE=InnoDB AUTO_INCREMENT=3 DEFAULT CHARSET=utf8mb4 COLLATE=utf8mb4_unicode_ci;

--
-- Déchargement des données de la table `hotel`
--

INSERT INTO `hotel` (`id`, `nom`, `adresse1`, `adresse2`, `cp`, `ville`, `tel`, `mail`) VALUES
(1, 'Hôtel Ibis', 'Rue Ibis', NULL, '59000', 'Lille', '0606060606', 'hotel@ibis.com'),
(2, 'Novotel', 'Rue Novotel', NULL, '59000', 'Lille', '0607070707', 'novo@tel.com');

-- --------------------------------------------------------

--
-- Structure de la table `inscription`
--

DROP TABLE IF EXISTS `inscription`;
CREATE TABLE IF NOT EXISTS `inscription` (
  `id` int(11) NOT NULL AUTO_INCREMENT,
  `compte_id` int(11) NOT NULL,
  `date_inscription` datetime DEFAULT NULL,
  `montant` double NOT NULL,
  PRIMARY KEY (`id`),
  UNIQUE KEY `UNIQ_5E90F6D6F2C56620` (`compte_id`)
) ENGINE=InnoDB AUTO_INCREMENT=2 DEFAULT CHARSET=utf8mb4 COLLATE=utf8mb4_unicode_ci;

--
-- Déchargement des données de la table `inscription`
--

INSERT INTO `inscription` (`id`, `compte_id`, `date_inscription`, `montant`) VALUES
(1, 9, NULL, 344);

-- --------------------------------------------------------

--
-- Structure de la table `inscription_nuite`
--

DROP TABLE IF EXISTS `inscription_nuite`;
CREATE TABLE IF NOT EXISTS `inscription_nuite` (
  `inscription_id` int(11) NOT NULL,
  `nuite_id` int(11) NOT NULL,
  PRIMARY KEY (`inscription_id`,`nuite_id`),
  KEY `IDX_DF05E3585DAC5993` (`inscription_id`),
  KEY `IDX_DF05E358A84291E2` (`nuite_id`)
) ENGINE=InnoDB DEFAULT CHARSET=utf8mb4 COLLATE=utf8mb4_unicode_ci;

--
-- Déchargement des données de la table `inscription_nuite`
--

INSERT INTO `inscription_nuite` (`inscription_id`, `nuite_id`) VALUES
(1, 2),
(1, 7);

-- --------------------------------------------------------

--
-- Structure de la table `licencie`
--

DROP TABLE IF EXISTS `licencie`;
CREATE TABLE IF NOT EXISTS `licencie` (
  `id` int(11) NOT NULL AUTO_INCREMENT,
  `club_id` int(11) NOT NULL,
  `qualite_id` int(11) NOT NULL,
  `compte_id` int(11) DEFAULT NULL,
  `num_licence` varchar(255) COLLATE utf8mb4_unicode_ci NOT NULL,
  `email` varchar(255) COLLATE utf8mb4_unicode_ci NOT NULL,
  `nom` varchar(255) COLLATE utf8mb4_unicode_ci NOT NULL,
  `prenom` varchar(255) COLLATE utf8mb4_unicode_ci NOT NULL,
  `adresse1` varchar(255) COLLATE utf8mb4_unicode_ci NOT NULL,
  `adresse2` varchar(255) COLLATE utf8mb4_unicode_ci DEFAULT NULL,
  `cp` varchar(6) COLLATE utf8mb4_unicode_ci NOT NULL,
  `ville` varchar(70) COLLATE utf8mb4_unicode_ci NOT NULL,
  `tel` varchar(14) COLLATE utf8mb4_unicode_ci NOT NULL,
  `date_adhesion` date NOT NULL,
  PRIMARY KEY (`id`),
  UNIQUE KEY `UNIQ_3B755612F2C56620` (`compte_id`),
  KEY `IDX_3B75561261190A32` (`club_id`),
  KEY `IDX_3B755612A6338570` (`qualite_id`)
) ENGINE=InnoDB AUTO_INCREMENT=301 DEFAULT CHARSET=utf8mb4 COLLATE=utf8mb4_unicode_ci;

--
-- Déchargement des données de la table `licencie`
--

INSERT INTO `licencie` (`id`, `club_id`, `qualite_id`, `compte_id`, `num_licence`, `email`, `nom`, `prenom`, `adresse1`, `adresse2`, `cp`, `ville`, `tel`, `date_adhesion`) VALUES
(1, 2, 13, NULL, '16360514319', 'sem.Nulla.interdum@IntegermollisInteger.edu', 'Giraud', 'Maxime', 'Appartement 477-4467 A, Rd.', 'CP 354, 3141 Fermentum Chemin', '22774 ', 'Batiscan', '06 15 14 57 82', '1982-03-01'),
(2, 7, 20, NULL, '16381117915', 'ac@faucibusid.com', 'Denis', 'Léane', 'CP 739, 1294 Faucibus. Av.', 'CP 748, 3331 Tempor Impasse', '47000 ', 'Nagpur', '06 44 29 63 51', '2013-03-20'),
(3, 18, 14, NULL, '16790322264', 'Duis.at@miacmattis.org', 'Paul', 'Dorian', '845-4806 Vel, Rue', '4344 Mus. Rd.', '58015 ', 'College', '06 87 05 99 69', '2012-07-13'),
(4, 17, 11, NULL, '16890512079', 'et.magnis.dis@dignissim.net', 'Fleury', 'Océane', 'CP 943, 8997 Fringilla, Rd.', 'Appartement 103-2637 Ante, Avenue', '62489 ', 'Tando Allahyar', '01 16 38 36 50', '1996-12-01'),
(5, 10, 10, NULL, '16810817465', 'Morbi.non.sapien@SuspendisseeleifendCras.co.uk', 'Lecomte', 'Pierre', '2272 Tellus. Route', 'CP 201, 1487 Egestas. Av.', '62705 ', 'Rankweil', '09 95 83 81 65', '1984-04-30'),
(6, 8, 8, NULL, '16230510482', 'tellus.faucibus@tincidunt.org', 'Lebrun', 'Jasmine', '138-5913 Eu Impasse', '8296 Pede Rue', '15479 ', 'Wokingham', '09 83 46 91 79', '2015-11-21'),
(7, 19, 1, NULL, '16340810748', 'Proin.vel@sagittis.ca', 'Dumas', 'Amine', 'CP 578, 3840 Vitae Impasse', '145-4932 Conubia Rd.', '79335 ', 'Villanovafranca', '09 30 29 67 35', '2004-09-06'),
(8, 6, 10, NULL, '16851123781', 'euismod@faucibus.ca', 'Robert', 'Bienvenue', 'Appartement 303-1617 Non Ave', 'CP 874, 5645 Sagittis. Rd.', '59473 ', 'Castel Baronia', '06 03 38 11 19', '1992-07-25'),
(9, 16, 18, NULL, '16400522656', 'vitae.aliquet@Cras.ca', 'Nguyen', 'Maïlé', '339 Mollis. Rue', '122-165 Ipsum Ave', '47272 ', 'Mühlheim am Main', '04 65 40 02 61', '2002-02-16'),
(10, 11, 23, NULL, '16580324953', 'nec@lobortis.edu', 'Giraud', 'Rose', 'Appartement 983-4628 Dictum. Route', 'CP 893, 608 Quis Ave', '05724 ', 'Riparbella', '04 29 02 83 45', '2019-11-09'),
(11, 1, 6, NULL, '16040216453', 'erat.eget@ullamcorperviverraMaecenas.co.uk', 'Renault', 'Mélissa', '9623 Justo Rue', 'Appartement 465-9722 Vivamus Impasse', '66962 ', 'Naperville', '03 29 68 56 22', '2013-12-08'),
(12, 14, 16, NULL, '16550101583', 'non.lobortis.quis@Duis.org', 'Collet', 'Léonard', '660-2714 Per Chemin', '690-9428 Montes, Route', '00434 ', 'Lives-sur-Meuse', '03 09 71 80 24', '1982-06-08'),
(13, 1, 19, NULL, '16750810076', 'magna.Nam@tellusnon.ca', 'Leclercq', 'Léonard', 'CP 626, 1857 A, Route', 'Appartement 885-5995 Duis Route', '08374 ', 'Gressan', '08 50 52 27 58', '1987-02-05'),
(14, 7, 16, NULL, '16971127111', 'Nunc.lectus.pede@dolorsit.ca', 'Muller', 'Anna', '696-2937 Magna. Impasse', 'CP 505, 1508 Malesuada Avenue', '85071 ', 'Koninksem', '07 75 47 41 28', '2001-05-06'),
(15, 19, 11, NULL, '16800505337', 'hendrerit.neque.In@magnisdis.net', 'Dufour', 'Lucie', 'CP 354, 8673 Metus Route', '268-6026 Pellentesque Avenue', '46606 ', 'High Level', '05 15 60 48 94', '1978-08-02'),
(16, 15, 4, NULL, '16581115153', 'pellentesque.Sed.dictum@dui.com', 'Thomas', 'Nicolas', '107-9736 Convallis Rue', 'CP 180, 3801 Elit Av.', '26708 ', 'Redwater', '04 54 23 14 65', '2021-07-28'),
(17, 5, 7, NULL, '16610419481', 'elit.sed@Crasdictumultricies.net', 'Rey', 'Kilian', 'Appartement 593-7096 Sed Route', '755-4932 Leo. Avenue', '60395 ', 'Lamorteau', '09 73 18 15 69', '1980-08-01'),
(18, 17, 15, NULL, '16440828224', 'Donec@elitfermentum.ca', 'Deschamps', 'Mathieu', '430-2817 Non, Avenue', 'CP 652, 7138 A, Route', '22649 ', 'Würzburg', '04 33 80 83 75', '1989-01-23'),
(19, 9, 8, NULL, '16561011060', 'malesuada.fames@eleifendnon.edu', 'Robert', 'Bienvenue', '5934 Enim. Ave', '9481 Ac, Av.', '50664 ', 'Maser', '07 02 40 20 24', '2020-12-30'),
(20, 15, 12, 9, '16410512443', 'Nunc@viverra.com', 'Lefebvre', 'Thomas', 'CP 103, 3502 Auctor Av.', '433-9721 Nunc Avenue', '44921 ', 'Saint-GŽry', '08 86 65 42 43', '1975-06-27'),
(21, 5, 5, NULL, '16890102588', 'auctor.Mauris.vel@necmetusfacilisis.edu', 'Henry', 'Mélissa', '9069 Risus. Rue', 'CP 470, 4351 Etiam Route', '06571 ', 'Bhakkar', '07 36 09 88 62', '2017-04-20'),
(22, 14, 20, NULL, '16330226095', 'risus.varius@tinciduntorciquis.com', 'Boyer', 'Hugo', '615-8088 Neque. Impasse', '9160 Dui. Chemin', '30346 ', 'Mesa', '07 08 73 67 45', '1976-07-11'),
(23, 4, 10, NULL, '16190532913', 'metus@volutpat.com', 'Etienne', 'Julien', 'Appartement 723-2635 Fames Av.', '1978 Et Route', '30181 ', 'Lembeek', '07 18 77 78 59', '1997-07-16'),
(24, 20, 22, NULL, '16411221762', 'libero.Morbi@elit.edu', 'Guyot', 'Louna', '8818 Proin Chemin', '9260 Facilisis. Chemin', '68845 ', 'Evansville', '04 30 67 37 82', '1997-01-01'),
(25, 9, 6, NULL, '16690604689', 'erat@Donecegestas.ca', 'Olivier', 'Simon', 'Appartement 668-9147 Malesuada. Chemin', '463-2404 Nisi Chemin', '12979 ', 'Shawinigan', '02 59 10 95 09', '1976-04-07'),
(26, 12, 7, NULL, '16220310302', 'orci.Ut.sagittis@nullaIntegervulputate.edu', 'Carre', 'Manon', '7365 Etiam Rd.', '2344 Et Route', '70839 ', 'Cartagena', '08 98 60 10 19', '1995-04-20'),
(27, 16, 15, NULL, '16351019510', 'Duis.at.lacus@tinciduntduiaugue.org', 'Girard', 'Élisa', 'Appartement 952-1135 In Av.', '666-6235 Sed Avenue', '09151 ', 'Enterprise', '04 11 13 81 38', '2021-06-25'),
(28, 18, 6, NULL, '16770110291', 'fringilla.mi.lacinia@utpellentesqueeget.edu', 'Poulain', 'Kevin', 'CP 600, 565 A Rue', 'Appartement 928-3738 Augue, Avenue', '89866 ', 'Saltcoats', '04 92 90 32 28', '1984-08-27'),
(29, 11, 23, NULL, '16670110371', 'Vivamus.nisi.Mauris@enim.com', 'Rolland', 'Diego', 'Appartement 543-4845 Donec Avenue', 'Appartement 952-6033 Auctor Ave', '70839 ', 'Chungju', '08 21 99 03 71', '2010-07-20'),
(30, 11, 8, NULL, '16271008681', 'sit.amet.dapibus@vitaealiquameros.org', 'Jacob', 'Paul', 'Appartement 437-1691 Turpis Rue', 'CP 130, 5047 Vehicula Avenue', '75778 ', 'Caplan', '06 45 22 18 68', '2016-05-31'),
(31, 13, 10, NULL, '16540520721', 'eget@urna.ca', 'Deschamps', 'Cloé', 'Appartement 825-7921 Quis Avenue', '421-9865 Lorem Impasse', '32322 ', 'Latinne', '07 20 45 93 04', '1994-01-14'),
(32, 15, 1, NULL, '16360420408', 'Fusce@eu.com', 'Perrot', 'Candice', 'Appartement 304-168 Fringilla. Impasse', 'Appartement 214-7318 Gravida Rue', '02512 ', 'Sint-Ulriks-Kapelle', '04 73 54 08 94', '2009-12-27'),
(33, 8, 20, NULL, '16661225159', 'tincidunt@Praesentluctus.edu', 'Klein', 'Timéo', '929-1807 Nunc Route', 'CP 388, 8380 Elit. Ave', '86344 ', 'Saint-Nicolas', '05 94 47 10 89', '2021-01-19'),
(34, 9, 8, NULL, '16571109528', 'aliquam@cursuspurus.com', 'Marty', 'Gaspard', 'Appartement 489-1442 A Avenue', '959-1980 Erat, Chemin', '63094 ', 'Duncan', '01 80 33 59 77', '2005-04-17'),
(35, 7, 6, NULL, '16420201131', 'Aliquam@vel.net', 'Guillaume', 'Hugo', 'CP 951, 5606 Commodo Ave', '207-265 Nisi. Route', '71780 ', 'North Las Vegas', '01 01 48 80 38', '2017-12-07'),
(36, 17, 4, NULL, '16801000220', 'imperdiet@sodalesMauris.co.uk', 'Barre', 'Laura', 'Appartement 717-5626 Sodales Chemin', '9739 Augue Rue', '70551 ', 'Bajaur Agency', '08 34 89 82 64', '1993-08-05'),
(37, 19, 7, NULL, '16021212893', 'molestie.sodales.Mauris@ridiculusmusProin.edu', 'Moulin', 'Marie', 'Appartement 499-7042 Ipsum Avenue', 'Appartement 964-7667 Fermentum Avenue', '56003 ', 'Teltow', '09 06 67 30 23', '1990-11-24'),
(38, 9, 10, NULL, '16220310628', 'Integer.urna.Vivamus@ullamcorpernislarcu.net', 'Robert', 'Éloïse', '508-9718 Lectus Route', 'Appartement 510-9636 Sem, Chemin', '90005 ', 'Elsene', '06 29 07 25 40', '1975-04-06'),
(39, 11, 8, NULL, '16701100475', 'quis.arcu.vel@quisaccumsanconvallis.net', 'Girard', 'Constant', '766 Ligula. Av.', '6518 Sed Impasse', '22202 ', 'Laino Castello', '08 37 03 24 53', '2015-10-08'),
(40, 14, 12, NULL, '16550314347', 'enim.nec@Fusce.net', 'Brun', 'Edwige', 'Appartement 802-6622 Nulla Rd.', '5074 A Ave', '53675 ', 'Tramonti di Sopra', '09 30 54 99 07', '2015-11-16'),
(41, 17, 8, NULL, '16580900658', 'aliquet@Pellentesqueultricies.com', 'Garnier', 'Tristan', '315-6166 Enim, Impasse', '1974 Et, Ave', '57119 ', 'College', '08 83 43 86 34', '2003-04-05'),
(42, 20, 20, NULL, '16380622906', 'Curabitur.vel.lectus@variusorci.co.uk', 'Bonnet', 'Charlotte', '3185 Integer Chemin', '7602 Sed Rd.', '83399 ', 'Chambord', '03 44 95 54 93', '1998-01-01'),
(43, 20, 9, NULL, '16151011303', 'vitae.sodales.nisi@idblandit.co.uk', 'Gautier', 'Lou', 'Appartement 831-2180 Volutpat. Route', '431-2962 Tristique Route', '08018 ', 'Puerto López', '02 27 97 90 80', '1996-06-22'),
(44, 14, 23, NULL, '16230819133', 'Aliquam@turpisAliquamadipiscing.org', 'Royer', 'Valentine', 'CP 935, 6225 Elit. Avenue', '924-3150 Elementum Rue', '60341 ', 'Placilla', '09 19 62 78 34', '2014-03-16'),
(45, 18, 10, NULL, '16790310866', 'Duis@risus.co.uk', 'Brun', 'Françoise', 'CP 909, 3830 Risus Route', '611-8543 Fermentum Route', '66553 ', 'Campolieto', '06 22 36 01 71', '2016-04-05'),
(46, 19, 16, NULL, '16440601419', 'tellus.Aenean.egestas@neceuismodin.net', 'Schmitt', 'Arthur', '6751 Quam Rue', 'CP 816, 2767 Ultricies Rd.', '47610 ', 'Montrose', '07 94 06 79 15', '1976-07-25'),
(47, 12, 11, NULL, '16120726650', 'mauris.sapien.cursus@ornare.ca', 'Robin', 'Lisa', '295-7769 Aenean Avenue', '4540 Libero. Chemin', '25464 ', 'Durg', '06 32 48 88 70', '2001-05-09'),
(48, 6, 16, NULL, '16190123227', 'amet.faucibus@consectetuermauris.net', 'Blanchard', 'Charlotte', '6541 Vestibulum Avenue', '254-2353 Morbi Av.', '92859 ', 'Halle', '09 98 67 01 40', '1993-02-27'),
(49, 7, 3, NULL, '16550602024', 'vehicula@mi.net', 'Guyot', 'Éloïse', '479-5738 Penatibus Rd.', '2611 Ipsum. Ave', '80140 ', 'Asse', '06 24 18 35 86', '2019-11-04'),
(50, 2, 15, NULL, '16760925823', 'vitae.risus@telluseu.com', 'Cordier', 'Adam', 'Appartement 479-7638 Quam, Rd.', '7405 Erat Rue', '97267 ', 'Lens-Saint-Servais', '06 64 37 48 10', '2021-05-19'),
(51, 6, 2, NULL, '16031120433', 'odio.tristique@porttitor.co.uk', 'Sanchez', 'Adrian', '451-7436 Faucibus Ave', 'Appartement 907-1147 Non, Impasse', '20808 ', 'San Jose', '08 31 43 67 78', '1999-12-19'),
(52, 20, 9, NULL, '16891015414', 'mauris@velfaucibus.com', 'Girard', 'Grégory', 'Appartement 789-5591 Et Ave', 'Appartement 650-9729 In Rd.', '21319 ', 'General Lagos', '09 63 70 73 41', '2002-03-25'),
(53, 10, 10, NULL, '16660810889', 'imperdiet.ullamcorper.Duis@egetvariusultrices.co.uk', 'Pereira', 'Lana', '216-6914 Diam Route', '200-8428 Sed Rue', '45477 ', 'Porirua', '02 31 40 87 33', '1998-02-04'),
(54, 1, 16, NULL, '16930435759', 'aliquet.nec@eteuismodet.com', 'Cousin', 'Maxime', 'CP 998, 7710 Malesuada Avenue', 'Appartement 291-9733 Mauris Avenue', '71899 ', 'North Waziristan', '02 13 89 01 39', '1994-01-15'),
(55, 16, 7, NULL, '16491206050', 'dolor.sit.amet@blandit.org', 'Klein', 'Marine', 'CP 884, 9985 Proin Rd.', 'CP 394, 4554 Augue Ave', '56160 ', 'Scena/Schenna', '01 13 25 63 53', '2008-05-03'),
(56, 5, 7, NULL, '16070803281', 'condimentum@lobortisnisinibh.edu', 'Barre', 'Jade', 'Appartement 396-3647 Eget Route', 'Appartement 649-2196 Auctor Impasse', '08576 ', 'Pont-ˆ-Celles', '02 31 44 26 78', '2012-02-21'),
(57, 7, 2, NULL, '16211224404', 'magna@vitae.ca', 'Nguyen', 'Nicolas', 'CP 407, 9276 In Impasse', '7841 A, Ave', '78862 ', 'Gianico', '09 63 91 98 24', '1993-04-27'),
(58, 18, 15, NULL, '16430809462', 'magna.Suspendisse.tristique@Donecfelisorci.ca', 'Vincent', 'Clément', '796-9287 Ipsum Rd.', 'Appartement 467-3761 Pretium Rd.', '23016 ', '?skenderun', '08 99 65 38 08', '2015-05-04'),
(59, 13, 13, NULL, '16070518445', 'ut@telluseu.com', 'Charles', 'Salomé', 'CP 563, 2996 Quam Chemin', 'Appartement 944-346 Amet Avenue', '14118 ', 'Beuzet', '07 82 00 17 95', '1978-01-23'),
(60, 1, 8, NULL, '16950413353', 'sit.amet@commodoipsum.com', 'Marty', 'Guillemette', 'Appartement 461-1702 Nulla Avenue', '3021 Ut Av.', '07853 ', 'Orlando', '05 32 20 38 61', '1987-05-23'),
(61, 18, 8, NULL, '16360514419', 'non.lobortis@enimnon.ca', 'Pierre', 'Carla', 'CP 482, 878 Donec Rue', 'CP 444, 5761 Ultricies Rue', '34987 ', 'Pushchino', '01 77 38 51 21', '2005-03-30'),
(62, 2, 2, NULL, '16880912158', 'Etiam@morbi.net', 'Humbert', 'Maéva', 'Appartement 760-8672 Ornare, Chemin', 'CP 148, 3109 Aliquam Chemin', '99238 ', 'Murdochville', '02 11 64 14 55', '1990-04-08'),
(63, 12, 21, NULL, '16720511305', 'augue@ultricies.edu', 'Gomez', 'Samuel', 'CP 878, 4398 Tortor. Route', '218-5532 Dui Chemin', '69713 ', 'Itabuna', '08 08 40 97 56', '1999-02-18'),
(64, 11, 7, NULL, '16120311213', 'in.faucibus.orci@euodio.co.uk', 'Boucher', 'Félix', 'Appartement 484-1928 Tincidunt, Route', 'CP 712, 5159 Sem Chemin', '50438 ', 'Edmundston', '02 56 52 73 31', '2021-12-20'),
(65, 17, 13, NULL, '16320419804', 'vulputate@sagittisNullam.edu', 'Marchal', 'Edwige', '252-2190 Auctor Rd.', 'CP 415, 9264 Augue, Route', '80725 ', 'Tampa', '09 76 72 81 09', '1976-01-19'),
(66, 11, 23, NULL, '16350712861', 'gravida.non.sollicitudin@etrutrumnon.net', 'Fontaine', 'Lucas', '9890 Est. Avenue', '2390 Et, Chemin', '29104 ', 'Poggiorsini', '01 20 63 43 51', '1978-10-22'),
(67, 16, 12, NULL, '16510526171', 'mi@purus.org', 'Herve', 'Ambre', '528-730 Et Av.', '1977 Porta Av.', '66214 ', 'Gönen', '06 65 63 07 75', '1976-07-07'),
(68, 20, 15, NULL, '16500205939', 'eu.accumsan@ultricesmaurisipsum.org', 'Evrard', 'Chaïma', '7775 Lectus Rd.', 'Appartement 768-871 Placerat Impasse', '93056 ', 'Langenburg', '07 44 90 84 57', '2003-03-09'),
(69, 13, 20, NULL, '16310212609', 'sed.pede@rhoncusProinnisl.edu', 'Meyer', 'Louis', 'Appartement 573-8414 Dictum Impasse', '988 Pede Impasse', '44968 ', 'Pune', '09 04 08 42 21', '1980-04-29'),
(70, 4, 18, NULL, '16850503575', 'nonummy.ut@lacus.com', 'Humbert', 'Noémie', 'Appartement 595-9520 Tempor Rue', 'Appartement 866-413 Mus. Rue', '60990 ', 'Püttlingen', '02 91 90 20 05', '2018-10-13'),
(71, 4, 18, NULL, '16801209033', 'nisi.Cum.sociis@ametrisusDonec.org', 'Germain', 'Mattéo', 'CP 883, 2995 Cursus Route', 'Appartement 132-3404 Mauris Chemin', '54919 ', 'Baardegem', '04 03 47 95 39', '2003-04-28'),
(72, 16, 1, NULL, '16310619515', 'quis.pede@mienim.edu', 'Le goff', 'Pierre', 'CP 441, 5654 Sed Rue', '487-6191 Scelerisque Chemin', '55510 ', 'Cheyenne', '06 87 55 58 35', '2010-03-19'),
(73, 4, 8, NULL, '16200626423', 'malesuada.fringilla.est@Sedmalesuada.co.uk', 'Guyot', 'Rémi', '364-6728 Non, Rd.', '6845 Nisl Chemin', '14021 ', 'Kamyzyak', '04 61 60 80 93', '1990-12-10'),
(74, 16, 7, NULL, '16821126023', 'luctus.Curabitur@ornareInfaucibus.co.uk', 'Collin', 'Félix', '244-5653 Fusce Impasse', 'Appartement 609-7651 Ultricies Chemin', '16366 ', 'Pordenone', '08 45 36 41 61', '2021-12-22'),
(75, 10, 17, NULL, '16480812007', 'mollis.Phasellus.libero@egestasFuscealiquet.com', 'Roger', 'Katell', '256-628 Ipsum. Avenue', 'Appartement 540-1237 Eu Rue', '95207 ', 'Ulhasnagar', '08 13 67 64 54', '1995-05-28'),
(76, 10, 2, NULL, '16580306982', 'ut@Maurisvel.ca', 'Marty', 'Océane', 'CP 569, 8500 Et, Av.', '1292 Sodales Rd.', '84795 ', 'Llandovery', '08 32 74 47 91', '1997-11-26'),
(77, 9, 8, NULL, '16090902970', 'enim.non.nisi@velnisl.edu', 'Gauthier', 'Antonin', '470-4120 Duis Av.', 'Appartement 293-615 Felis. Route', '82097 ', 'Corroy-le-Grand', '01 44 49 09 69', '1989-02-15'),
(78, 12, 17, NULL, '16371124730', 'nec@aceleifend.ca', 'Barbier', 'Lamia', 'CP 602, 9313 Consectetuer Chemin', 'CP 990, 2459 Vulputate Ave', '95437 ', 'Gubbio', '09 16 98 25 30', '1991-04-16'),
(79, 15, 8, NULL, '16130924926', 'non.enim.Mauris@imperdietnonvestibulum.com', 'Gillet', 'Alexandre', 'CP 376, 6079 Aliquam Av.', 'Appartement 777-4811 Consequat Rd.', '87695 ', 'LiŽge', '04 49 87 60 13', '2015-10-06'),
(80, 11, 20, NULL, '16141223549', 'lobortis.risus.In@necligulaconsectetuer.co.uk', 'Meunier', 'Éloïse', 'CP 233, 1006 Arcu. Rd.', '2326 Convallis, Route', '81256 ', 'Salt Lake City', '01 82 77 86 59', '1982-10-28'),
(81, 12, 2, NULL, '16150208560', 'sem.elit@ipsumdolorsit.edu', 'Laurent', 'Bruno', '9965 Metus. Ave', 'CP 689, 8898 Pellentesque Av.', '55108 ', 'Volokonovka', '02 87 36 97 70', '1985-03-19'),
(82, 20, 18, NULL, '16740316843', 'congue.In@Aliquamrutrum.org', 'Petit', 'Cédric', 'Appartement 298-3585 Suspendisse Avenue', 'CP 612, 1546 Ornare Impasse', '37584 ', 'Maidenhead', '09 20 47 83 05', '2018-09-26'),
(83, 16, 13, NULL, '16640815445', 'ullamcorper@quisurnaNunc.co.uk', 'Germain', 'Amélie', '3948 Nam Chemin', 'CP 229, 761 Nonummy Rue', '78695 ', 'Gwalior', '04 80 36 85 77', '2010-10-17'),
(84, 9, 11, NULL, '16830624129', 'quis@Maurisquis.com', 'Gomez', 'Noémie', 'CP 419, 4855 Iaculis Chemin', 'CP 865, 132 Enim, Rd.', '31437 ', 'Aurora', '08 99 33 81 71', '1984-07-29'),
(85, 11, 2, NULL, '16961207669', 'lorem@inmagnaPhasellus.net', 'Pons', 'Zoé', '646-887 Ut Rd.', '654-2827 Non, Av.', '76424 ', 'Wetzlar', '05 43 82 13 93', '1985-09-01'),
(86, 18, 8, NULL, '16160428549', 'sem.mollis@bibendumullamcorperDuis.com', 'Dumont', 'Maryam', 'CP 237, 4490 Nunc Impasse', 'CP 539, 1429 Ipsum Av.', '50314 ', 'Aisemont', '03 93 84 12 69', '2009-04-13'),
(87, 4, 16, NULL, '16980620612', 'porttitor.vulputate@convallisligula.edu', 'Roussel', 'Lola', '541-7424 Tortor. Route', '845-8798 Malesuada Impasse', '47618 ', 'Mandi Bahauddin', '07 19 24 78 65', '2004-05-20'),
(88, 18, 19, NULL, '16970211019', 'Nulla@Suspendissealiquetmolestie.edu', 'Gomez', 'Cloé', 'Appartement 898-6415 Et, Rd.', 'CP 684, 2808 Class Impasse', '55168 ', 'Adrano', '03 70 12 68 75', '2015-08-22'),
(89, 13, 22, NULL, '16911011762', 'metus.facilisis.lorem@lacusvestibulumlorem.net', 'Michel', 'Lola', '1915 Mollis. Ave', 'Appartement 192-413 Vel Chemin', '06082 ', 'Sullana', '09 56 16 79 45', '1997-08-01'),
(90, 7, 19, NULL, '16940324592', 'Quisque@dictumplacerataugue.org', 'Schmitt', 'Solene', 'Appartement 635-5979 Tellus Av.', '3485 Odio Route', '45230 ', 'Termeno sulla strada del vino/Tramin an der Weinstrasse', '05 49 19 82 64', '1995-10-28'),
(91, 3, 9, NULL, '16600529227', 'enim@risusDonecegestas.com', 'Rey', 'Jade', '125-4037 Morbi Rd.', '6422 Sit Avenue', '90077 ', 'San Carlos', '01 99 39 76 81', '2001-10-25'),
(92, 1, 11, NULL, '16490614309', 'ultrices.posuere@risus.co.uk', 'Herve', 'Killian', '6176 Phasellus Ave', '7995 Tortor Rd.', '87649 ', 'New Haven', '09 44 45 47 39', '2013-12-12'),
(93, 11, 5, NULL, '16781109525', 'quis.diam@congueturpisIn.edu', 'Vidal', 'Lutécia', 'CP 725, 7839 Urna Avenue', '948-927 Placerat Ave', '46245 ', 'Rattray', '05 35 86 60 32', '1992-04-13'),
(94, 2, 17, NULL, '16130111047', 'Cum.sociis@tinciduntDonecvitae.co.uk', 'Schmitt', 'Davy', '3229 Vivamus Rd.', '835-1256 Dui, Chemin', '23572 ', 'The Hague', '03 68 97 34 57', '1995-06-09'),
(95, 4, 1, NULL, '16281213771', 'ac.tellus.Suspendisse@interdumliberodui.org', 'Julien', 'Kevin', 'Appartement 213-5857 Pede, Av.', '8928 Odio. Route', '50817 ', 'Lakeland County', '08 90 03 85 24', '2015-02-16'),
(96, 8, 4, NULL, '16720409965', 'auctor.nunc.nulla@amet.co.uk', 'Humbert', 'Timéo', 'CP 622, 9278 Dui, Chemin', 'Appartement 820-708 Porttitor Rue', '88786 ', 'Zwevegem', '02 40 64 22 87', '1994-02-07'),
(97, 9, 2, NULL, '16540522537', 'orci.quis@egestas.edu', 'Olivier', 'Maelys', '2496 Sit Chemin', '4430 Sodales Rue', '91006 ', 'Haridwar', '06 82 75 52 27', '2019-10-17'),
(98, 12, 20, NULL, '16071211799', 'Duis.risus@dolor.com', 'Dufour', 'Tom', '7990 Diam Rue', 'CP 522, 5277 Non Avenue', '77852 ', 'Avernas-le-Bauduin', '09 28 52 89 33', '1981-01-05'),
(99, 6, 18, NULL, '16671126388', 'cursus.luctus@Praesenteunulla.ca', 'Renault', 'Lisa', '386-8667 Eu Impasse', 'CP 335, 8018 Iaculis, Av.', '94201 ', 'Weyburn', '03 75 18 30 92', '1998-08-19'),
(100, 6, 3, NULL, '16100508542', 'vel.sapien.imperdiet@Maurisvelturpis.co.uk', 'Michel', 'Lauriane', 'Appartement 416-6282 Interdum. Impasse', '5251 Velit Rd.', '56212 ', 'Gbongan', '03 84 56 75 97', '1992-04-28'),
(101, 16, 10, NULL, '16331120361', 'metus@velitQuisque.net', 'Durand', 'Nicolas', '968 Praesent Chemin', '178-5352 Ornare, Impasse', '28341 ', 'Jamioulx', '02 38 18 91 18', '2006-11-28'),
(102, 14, 10, NULL, '16950707771', 'libero.Proin.mi@velitPellentesque.ca', 'Fleury', 'Tatiana', 'Appartement 592-524 Ut Rue', '4038 Pellentesque Chemin', '92103 ', 'Bad Kreuznach', '04 76 99 03 59', '2016-01-02'),
(103, 9, 13, NULL, '16190230910', 'velit.in@ligulaAenean.org', 'Dupuis', 'Tatiana', '202-2618 Facilisis Impasse', '920-1022 Nibh Rd.', '99937 ', 'Blehen', '04 32 90 98 74', '1990-07-31'),
(104, 8, 11, NULL, '16211225094', 'pede.nonummy@veliteusem.ca', 'Marty', 'Evan', 'CP 810, 5235 Eu Avenue', '2373 Mi Chemin', '60588 ', 'Chelsea', '02 17 62 25 78', '2018-03-15'),
(105, 8, 18, NULL, '16040615605', 'adipiscing@duinecurna.ca', 'Noel', 'Théo', '592-5574 Dui. Avenue', '307 Mauris. Route', '32759 ', 'Cabo de Santo Agostinho', '03 28 61 17 66', '1987-03-21'),
(106, 4, 23, NULL, '16610116665', 'Mauris.vel@vulputatevelit.com', 'Richard', 'Capucine', '1681 Feugiat Av.', '877-4924 Convallis Ave', '66990 ', 'Sachs Harbour', '01 06 07 57 02', '1991-01-12'),
(107, 1, 18, NULL, '16840815801', 'non.enim@nec.co.uk', 'Guillaume', 'Lutécia', 'CP 573, 1014 Curabitur Chemin', 'CP 643, 8781 Ante Rd.', '39373 ', 'Aklavik', '07 41 09 07 84', '2009-05-05'),
(108, 17, 19, NULL, '16290309595', 'Sed.diam@Sed.edu', 'Dupuis', 'Maéva', '331 Facilisis. Route', 'Appartement 911-1530 Eu, Route', '75942 ', 'Fort Resolution', '08 02 94 65 70', '1988-02-20'),
(109, 14, 13, NULL, '16280602605', 'Suspendisse.sed@in.com', 'Noel', 'Léane', 'CP 448, 9352 Erat Route', 'CP 861, 205 Erat Av.', '30880 ', 'Rechnitz', '08 19 60 03 54', '1986-03-04'),
(110, 10, 8, NULL, '16900823228', 'congue.turpis.In@sagittis.ca', 'Henry', 'Hugo', 'CP 877, 628 Nibh Rue', '337-5183 Velit Route', '50585 ', 'Rapone', '05 03 48 01 79', '1983-07-14'),
(111, 11, 9, NULL, '16440222834', 'lectus.convallis@Nullam.ca', 'Moulin', 'Clara', '3921 Eu Ave', 'Appartement 552-3121 Donec Rd.', '63081 ', 'Gaithersburg', '04 11 16 93 38', '1992-03-01'),
(112, 2, 3, NULL, '16051124635', 'convallis@montesnascetur.edu', 'Roche', 'Sara', '6502 Interdum. Rd.', '222-5788 Erat Route', '08060 ', 'Conchalí', '09 64 16 02 88', '2002-07-15'),
(113, 9, 11, NULL, '16940907542', 'Aenean@ac.edu', 'Roussel', 'Lana', '2959 Aliquam Chemin', 'Appartement 398-1565 Sed Route', '92843 ', 'Forst', '08 66 15 76 54', '1993-06-24'),
(114, 3, 11, NULL, '16741200468', 'gravida@ridiculusmusAenean.ca', 'Durand', 'Renaud', 'Appartement 862-1490 Malesuada Route', 'Appartement 514-1793 Scelerisque, Av.', '55983 ', 'Cap-Rouge', '03 15 17 87 98', '2017-04-18'),
(115, 4, 21, NULL, '16710805819', 'sed@pede.co.uk', 'Louis', 'Kyllian', '496-5786 Magna. Impasse', '3419 Ac Impasse', '38143 ', 'Surazh', '05 89 58 49 99', '1987-07-26'),
(116, 4, 1, NULL, '16660909955', 'vulputate@tellusSuspendisse.com', 'Rousseau', 'Nolan', 'Appartement 966-8712 Nunc Avenue', '6233 Amet, Rue', '11914 ', 'New Glasgow', '05 93 84 24 01', '2014-06-04'),
(117, 10, 6, NULL, '16860416480', 'enim.Sed@gravidanonsollicitudin.ca', 'Leclercq', 'Baptiste', 'CP 959, 4334 Vulputate, Chemin', '4290 Pretium Ave', '43245 ', 'Ragnies', '07 73 15 84 85', '2003-07-10'),
(118, 20, 1, NULL, '16531219405', 'diam@nuncest.co.uk', 'Guyot', 'Angelina', '5773 Faucibus Rue', '219-2638 Vivamus Rd.', '57485 ', 'Stonewall', '05 16 89 83 96', '2010-04-20'),
(119, 3, 2, NULL, '16070620753', 'iaculis.aliquet@necmaurisblandit.co.uk', 'Rey', 'Thomas', '973-9428 Nisi. Rd.', '1435 Ut Av.', '75539 ', 'Paternopoli', '06 32 84 75 08', '2015-09-08'),
(120, 14, 18, NULL, '16930425390', 'adipiscing@non.edu', 'Moreau', 'Carla', 'Appartement 696-7396 Iaculis, Ave', 'CP 917, 938 Posuere, Av.', '29835 ', 'Hard', '02 31 82 61 49', '2020-10-03'),
(121, 14, 1, NULL, '16520903526', 'est.congue.a@facilisis.edu', 'Adam', 'Anaïs', '177-334 Sed Av.', '530-9987 Placerat Chemin', '46221 ', 'Kanpur Cantonment', '05 34 15 97 28', '2012-10-03'),
(122, 7, 22, NULL, '16460811039', 'suscipit.nonummy@erosturpis.com', 'Colin', 'Pierre', '669-4185 Amet Ave', 'CP 738, 8593 Lorem Route', '68763 ', 'Gandhidham', '06 06 81 01 68', '1976-12-18'),
(123, 6, 10, NULL, '16011206072', 'mauris.rhoncus.id@aliquetsem.ca', 'Martinez', 'Juliette', 'CP 466, 2120 Est, Ave', 'Appartement 867-658 Blandit Ave', '41068 ', 'Torgny', '09 43 63 74 86', '1976-09-05'),
(124, 9, 3, NULL, '16950922768', 'ut.pharetra.sed@mollisvitae.ca', 'Laurent', 'Rosalie', '846-2502 Enim Impasse', '127-7258 In Avenue', '25111 ', 'Gouda', '03 43 00 28 17', '2005-05-27'),
(125, 15, 17, NULL, '16100935788', 'Etiam@enim.ca', 'Leroux', 'Thibault', '732-4612 Dolor, Ave', 'Appartement 180-3495 Aliquam Chemin', '30893 ', 'Muno', '09 20 88 16 00', '1997-10-27'),
(126, 15, 6, NULL, '16560227837', 'Nam.consequat.dolor@nonluctussit.com', 'Roussel', 'Élouan', 'CP 153, 7153 Amet Rue', 'CP 162, 9952 Ornare Impasse', '82993 ', 'Westerlo', '07 98 94 44 47', '1987-10-23'),
(127, 18, 1, NULL, '16350615419', 'dictum@ligulaAliquamerat.net', 'Marie', 'Margot', 'CP 370, 5476 Nascetur Rd.', '216-6160 Mi Rue', '31624 ', 'College', '06 06 38 76 50', '2017-05-18'),
(128, 7, 21, NULL, '16251227477', 'volutpat.ornare@Crasconvallisconvallis.edu', 'Rey', 'Léonie', 'CP 650, 5374 Orci, Av.', 'CP 271, 9807 Etiam Impasse', '19944 ', 'Morinville', '09 17 27 38 43', '2006-04-08'),
(129, 15, 10, NULL, '16940424191', 'magna.Lorem.ipsum@famesacturpis.net', 'Louis', 'Jeanne', '800-7570 Imperdiet Impasse', '735-4541 Pede Rd.', '15896 ', 'Mglin', '09 54 78 43 83', '2010-06-14'),
(130, 4, 15, NULL, '16481126025', 'lorem.luctus@dolor.com', 'Caron', 'Nolan', '893 Semper Chemin', 'Appartement 612-7086 Porttitor Route', '39545 ', 'Bowden', '09 58 74 69 39', '1997-10-13'),
(131, 13, 5, NULL, '16950903186', 'consectetuer.mauris.id@sociisnatoquepenatibus.net', 'Pasquier', 'Grégory', '310-4952 Donec Rue', 'Appartement 350-4811 Cursus Route', '13799 ', 'Hamoir', '04 71 33 72 04', '2006-05-31'),
(132, 15, 19, NULL, '16930923279', 'eros.Nam@Aenean.edu', 'Martin', 'Nathan', 'Appartement 981-2151 Lectus, Impasse', '864-8428 Cras Rue', '12498 ', 'Fort Saskatchewan', '04 16 54 94 06', '1984-03-21'),
(133, 4, 5, NULL, '16740721553', 'Vivamus@nislNullaeu.net', 'Dupuy', 'Louise', 'Appartement 301-5768 Sit Av.', 'CP 296, 7043 Eu Av.', '61622 ', 'Parkland County', '02 89 51 50 55', '2017-06-03'),
(134, 17, 10, NULL, '16170913769', 'quis@Nam.edu', 'Lopez', 'Élisa', '8038 Congue Route', 'CP 130, 6265 Nec Av.', '37456 ', 'Solre-sur-Sambre', '06 53 92 77 73', '1993-06-11'),
(135, 1, 10, NULL, '16930925676', 'bibendum.fermentum.metus@sitametnulla.com', 'Dufour', 'Gabriel', 'CP 368, 5450 Fames Avenue', 'Appartement 783-2642 Fusce Rd.', '21507 ', 'Bois-de-Villers', '07 25 37 09 41', '1996-07-25'),
(136, 19, 2, NULL, '16460722158', 'Nulla.semper.tellus@risus.org', 'Albert', 'Éléna', 'Appartement 638-6771 Donec Rd.', 'CP 559, 3444 Posuere Avenue', '29826 ', 'Covington', '08 42 41 08 67', '2006-06-29'),
(137, 17, 13, NULL, '16821209445', 'risus.In.mi@justoeuarcu.ca', 'Rousseau', 'Maelys', '204-1089 Elit, Avenue', '1817 Quis Rd.', '77906 ', 'Miraj', '03 16 57 80 72', '1994-05-23'),
(138, 13, 2, NULL, '16160812518', 'diam.eu@luctusfelis.org', 'Baron', 'Louna', 'Appartement 327-7940 Odio. Rd.', 'CP 319, 3109 Nascetur Av.', '76572 ', 'Cropalati', '05 70 96 20 55', '2003-08-20'),
(139, 18, 16, NULL, '16291208322', 'Cras.dolor.dolor@scelerisquescelerisquedui.net', 'Perez', 'Léane', '787-9454 Enim. Avenue', 'Appartement 258-306 Egestas, Rd.', '11539 ', 'Herdersem', '03 77 83 43 47', '2005-04-04'),
(140, 4, 6, NULL, '16030411768', 'nibh@Intinciduntcongue.co.uk', 'Bailly', 'Cédric', 'CP 381, 4507 Vulputate Rue', '5956 Fringilla Rue', '80690 ', 'Tuscaloosa', '09 35 59 28 46', '2013-09-05'),
(141, 4, 3, NULL, '16970328113', 'Aliquam@velitjustonec.co.uk', 'Evrard', 'Killian', 'Appartement 566-4199 Nullam Chemin', '626-4485 Erat Impasse', '69619 ', 'San Sostene', '07 23 74 73 26', '1990-07-10'),
(142, 16, 4, NULL, '16340714415', 'Nulla@sed.co.uk', 'Perrot', 'Nathan', 'Appartement 182-3539 Vivamus Impasse', '6596 Elit. Av.', '09875 ', 'Loreto', '03 69 34 39 60', '2008-01-18'),
(143, 9, 2, NULL, '16690416435', 'vestibulum.nec.euismod@nonummy.edu', 'Andre', 'Romain', 'CP 575, 9279 Donec Impasse', '868-5881 Ac Impasse', '61496 ', 'Jennersdorf', '09 30 21 45 19', '1990-07-18'),
(144, 12, 22, NULL, '16070308111', 'morbi.tristique.senectus@cursusetmagna.ca', 'Aubert', 'Tatiana', '789 Convallis Chemin', '5219 Nulla Impasse', '98205 ', 'Ribeirão Preto', '09 06 09 75 75', '1980-02-18'),
(145, 18, 21, NULL, '16450214604', 'amet.orci@semper.edu', 'Giraud', 'Romane', 'Appartement 501-7320 Lacus. Rd.', 'Appartement 224-4777 Diam Av.', '97273 ', 'Spermalie', '09 99 18 29 53', '1993-11-30'),
(146, 9, 17, NULL, '16530126766', 'non.arcu@Aenean.org', 'Robin', 'Kylian', '930-1963 Praesent Ave', 'CP 561, 8410 Nullam Ave', '95225 ', 'Helena', '01 94 86 49 39', '1986-07-30'),
(147, 4, 10, NULL, '16460218693', 'sollicitudin.orci@enim.net', 'Collet', 'Lutécia', 'CP 289, 7845 Lorem Av.', 'CP 940, 7311 Faucibus Av.', '06176 ', 'Louisville', '04 26 75 16 03', '2011-06-21'),
(148, 16, 21, NULL, '16660703294', 'arcu.Aliquam.ultrices@Duis.com', 'Pierre', 'Lorenzo', '4220 Metus Route', '287-2698 Dictum. Impasse', '50920 ', 'Etawah', '01 90 28 11 83', '1979-01-06'),
(149, 14, 19, NULL, '16140112776', 'gravida.non.sollicitudin@a.net', 'Robert', 'Bruno', 'Appartement 870-4391 Torquent Route', 'Appartement 133-4923 Libero. Impasse', '61194 ', 'Valley East', '03 80 79 26 51', '2009-11-07'),
(150, 17, 9, NULL, '16650802983', 'arcu.Sed@magna.ca', 'Bonnet', 'Tristan', '7750 Fermentum Impasse', 'CP 499, 6104 Aliquam Avenue', '34223 ', 'Luzzara', '03 28 66 00 07', '1990-08-04'),
(151, 16, 11, NULL, '16910122086', 'aliquet.odio.Etiam@magnaPhasellusdolor.org', 'Joly', 'Zoé', '1142 Pellentesque Ave', '3253 Accumsan Rue', '91909 ', 'Uppingham. Cottesmore', '07 13 49 62 50', '1982-09-27'),
(152, 8, 19, NULL, '16580707915', 'at.nisi@egetvarius.edu', 'Chevalier', 'Émile', '850-255 Ac Route', '325-8627 Nec Route', '61209 ', 'Hamme-Mille', '06 58 62 48 20', '2020-09-25'),
(153, 4, 17, NULL, '16510300764', 'et.ultrices@egetmetusIn.com', 'Duval', 'Bastien', 'CP 324, 5933 Ac Rue', '224-2712 Accumsan Rd.', '94189 ', 'Alessandria', '02 20 86 38 29', '2018-02-04'),
(154, 20, 2, NULL, '16630312135', 'nisi.Cum@Craspellentesque.ca', 'Noel', 'Noah', '354-8929 Neque. Ave', '1332 Non, Av.', '53306 ', 'Alexandria', '02 27 56 73 62', '1999-02-10'),
(155, 5, 16, NULL, '16491120465', 'dictum@tempuslorem.org', 'Guerin', 'Nina', 'Appartement 638-407 Augue Impasse', 'Appartement 858-7550 Non, Route', '18629 ', 'Gävle', '02 98 24 52 21', '1999-08-30'),
(156, 6, 8, NULL, '16340811208', 'nonummy.ipsum@utquam.edu', 'Collet', 'Zacharis', '668-2968 Nibh Chemin', 'Appartement 631-8749 Ac, Route', '63083 ', 'San Miguel', '07 55 02 45 19', '1998-05-16'),
(157, 19, 11, NULL, '16040627399', 'nisl.Maecenas@consequat.com', 'Marty', 'Fanny', 'Appartement 520-759 Mi Impasse', 'Appartement 836-9762 In Impasse', '62114 ', 'Qualicum Beach', '03 18 94 06 22', '1993-12-19'),
(158, 2, 3, NULL, '16301214653', 'ornare.libero.at@velit.edu', 'Paul', 'Yüna', 'CP 677, 381 Eleifend Av.', 'CP 588, 9705 Non Av.', '53921 ', 'Rodengo/Rodeneck', '02 08 80 72 35', '2018-12-31'),
(159, 1, 23, NULL, '16571113589', 'penatibus.et.magnis@risusatfringilla.ca', 'Weber', 'Romane', '3630 Feugiat. Route', 'CP 451, 2400 Nulla Impasse', '86649 ', 'Zaraysk', '01 40 22 92 35', '1997-06-12'),
(160, 20, 16, NULL, '16330619253', 'nec.urna.et@natoque.net', 'Marechal', 'Anaïs', '2655 Non, Rd.', 'CP 791, 2195 Lorem, Ave', '04054 ', 'Virginal-Samme', '02 61 98 96 24', '1994-08-09'),
(161, 12, 4, NULL, '16850224054', 'eros.turpis@lobortisClassaptent.ca', 'Petit', 'Lilou', '831-5371 Nulla Av.', 'Appartement 893-7760 A, Rue', '49528 ', 'Serik', '02 44 31 98 70', '2005-07-24'),
(162, 17, 17, NULL, '16040213440', 'tellus.imperdiet.non@Donecvitae.co.uk', 'Robin', 'Victor', '499 Morbi Rue', '581-4543 Quis Rue', '59019 ', 'Buin', '03 85 08 27 18', '2012-05-19'),
(163, 10, 14, NULL, '16701208617', 'feugiat.Sed@aliquetsem.co.uk', 'Dufour', 'Killian', '8622 Dictum Av.', 'CP 740, 5396 Mi Avenue', '16161 ', 'Scandriglia', '06 29 23 74 04', '1984-02-03'),
(164, 4, 6, NULL, '16540418727', 'mollis@estacfacilisis.edu', 'Gauthier', 'Ambre', '476-9646 Vitae Rd.', 'Appartement 367-7740 Aliquam Route', '25935 ', 'Tortel', '02 51 59 79 47', '1978-10-03'),
(165, 5, 13, NULL, '16780106187', 'Donec@massalobortis.co.uk', 'Rousseau', 'Nathan', '776-8589 Non Avenue', 'Appartement 238-6457 Vitae Impasse', '38320 ', 'Aachen', '04 27 56 59 31', '1976-11-27'),
(166, 8, 15, NULL, '16600110965', 'nec@ullamcorper.com', 'Herve', 'Carla', '6470 Dui. Rd.', '557-7509 Vehicula Ave', '57486 ', 'Mont', '08 29 55 30 73', '1980-01-08'),
(167, 18, 11, NULL, '16370722996', 'nunc.interdum@lectussitamet.org', 'Mercier', 'Katell', 'CP 304, 6679 Lobortis, Ave', 'CP 341, 2811 At Impasse', '53664 ', 'Wolfville', '06 46 70 47 31', '1979-10-30'),
(168, 6, 19, NULL, '16960806387', 'nulla@aduiCras.co.uk', 'Roux', 'Adam', '6469 Parturient Rue', '9877 Facilisis Rd.', '83414 ', 'Grimbergen', '01 11 90 86 77', '1998-06-05'),
(169, 13, 22, NULL, '16600605613', 'Nunc@afacilisis.ca', 'Bourgeois', 'Florentin', 'CP 301, 9454 Ipsum Rue', '129-8907 Felis Avenue', '35180 ', 'Missoula', '05 04 94 98 62', '2001-05-18'),
(170, 2, 10, NULL, '16140324035', 'Ut.sagittis.lobortis@ligulaAeneaneuismod.com', 'Berger', 'Kilian', '9913 Nibh. Route', '934-7235 Sem Avenue', '89857 ', 'Padang Sidempuan', '01 05 46 85 68', '1975-11-07'),
(171, 6, 15, NULL, '16120500437', 'egestas.rhoncus.Proin@dictumeuplacerat.edu', 'Garnier', 'Pierre', '240 Vestibulum Route', '624-3237 Lacinia Avenue', '66571 ', 'Kidderminster', '02 46 75 13 82', '2006-06-25'),
(172, 9, 4, NULL, '16610816934', 'vehicula@sagittisfelisDonec.co.uk', 'Andre', 'Colin', 'Appartement 392-7720 Mauris. Rd.', '444 Vel Avenue', '31260 ', 'Neerglabbeek', '08 62 72 95 63', '1994-11-06'),
(173, 17, 9, NULL, '16601215317', 'Vestibulum.ut@egestas.org', 'Guerin', 'Maëlle', '551-4205 Tincidunt Impasse', 'Appartement 630-7573 Maecenas Avenue', '32679 ', 'Chantemelle', '06 91 18 48 07', '1984-07-13'),
(174, 8, 2, NULL, '16060214367', 'felis@ipsum.edu', 'Caron', 'Corentin', 'Appartement 126-1106 Cras Av.', '290-2072 Ornare. Rue', '34638 ', 'Oviedo', '07 02 15 09 49', '1978-02-08'),
(175, 19, 5, NULL, '16130222979', 'aliquet.nec.imperdiet@nec.edu', 'Aubry', 'Lisa', 'Appartement 645-4303 Dui. Avenue', 'Appartement 953-4057 Amet, Ave', '94096 ', 'Bissegem', '07 34 55 64 42', '2003-08-07'),
(176, 19, 22, NULL, '16840516468', 'ullamcorper@senectuset.org', 'Henry', 'Julia', '5686 In Impasse', 'CP 625, 7152 Enim Rd.', '53127 ', 'Saint Paul', '02 36 04 12 02', '1996-12-07'),
(177, 19, 13, NULL, '16230115259', 'lorem.fringilla@tempor.edu', 'Pons', 'Alexandra', '6324 Adipiscing. Ave', '3356 Ullamcorper. Impasse', '62257 ', 'Shaki', '06 11 61 48 95', '2008-09-03'),
(178, 17, 5, NULL, '16011128598', 'vitae@vitaealiquet.org', 'Bonnet', 'Erwan', '233-9921 Enim. Av.', '928-7994 Diam Route', '88351 ', 'HŽlŽcine', '06 22 63 56 74', '1989-03-01'),
(179, 1, 8, NULL, '16581110187', 'dictum.eu.eleifend@penatibuset.org', 'Blanc', 'Anaëlle', '320-6987 Nibh. Ave', 'Appartement 700-6588 Dis Ave', '61931 ', 'Parla', '06 26 32 71 73', '2009-09-16'),
(180, 17, 14, NULL, '16580722396', 'adipiscing.elit.Aliquam@MaurisnullaInteger.edu', 'Garnier', 'Océane', '6256 Donec Impasse', 'CP 479, 4164 Sed Avenue', '00045 ', 'San José del Guaviare', '05 16 94 67 22', '2005-06-26'),
(181, 14, 9, NULL, '16820712618', 'rutrum.justo.Praesent@Praesenteu.co.uk', 'Bouvier', 'Léon', 'Appartement 152-8002 Arcu. Av.', 'CP 455, 8181 Arcu Rue', '19039 ', 'Reutlingen', '05 40 15 20 75', '1979-07-27'),
(182, 2, 19, NULL, '16420803008', 'consectetuer@Sedetlibero.net', 'Paul', 'Fanny', '500-6788 Ipsum Ave', 'CP 586, 9480 Ridiculus Av.', '45354 ', 'Alexandra', '06 30 16 83 78', '2016-09-04'),
(183, 14, 2, NULL, '16880900718', 'elementum.at@quisturpis.net', 'Millet', 'Maïwenn', 'Appartement 750-9672 Ornare Avenue', '9270 Eleifend Rue', '16961 ', 'Meix-le-Tige', '04 24 78 15 33', '2017-11-27'),
(184, 16, 21, NULL, '16120625807', 'eget.ipsum.Suspendisse@nuncnulla.co.uk', 'Moreau', 'Sarah', 'Appartement 948-9092 Pede Chemin', '144 Turpis Impasse', '93631 ', 'Bernburg', '07 91 94 41 25', '1993-12-25'),
(185, 7, 1, NULL, '16630604970', 'eu.augue.porttitor@ligulaAliquam.edu', 'Evrard', 'Eva', 'CP 577, 1860 Dui. Route', 'CP 583, 6134 Nec Ave', '67111 ', 'Bitung', '01 53 96 05 25', '2002-05-22'),
(186, 14, 23, NULL, '16301122966', 'Aenean@arcuSed.ca', 'Berger', 'Samuel', 'CP 549, 7575 Sed Ave', 'CP 325, 9647 Gravida Ave', '19208 ', 'Opprebais', '07 21 79 17 74', '2011-10-10'),
(187, 19, 5, NULL, '16000529542', 'Cras@adipiscingelit.net', 'Rey', 'Salomé', '3998 Massa. Avenue', '889-6775 Ultrices, Route', '09757 ', 'San Giovanni Suergiu', '09 94 71 11 19', '1978-11-01'),
(188, 8, 22, NULL, '16130825158', 'amet.ultricies@vitaealiquam.net', 'Berger', 'Capucine', 'CP 397, 6444 Aliquet Rd.', '256-9895 Molestie Ave', '25983 ', 'Bathgate', '08 32 79 94 69', '1993-08-28'),
(189, 20, 10, NULL, '16560512968', 'erat@Aliquam.edu', 'Marechal', 'Valentine', '5190 Ut Impasse', '2114 Malesuada Ave', '08009 ', 'Milwaukee', '04 69 72 76 14', '1989-04-01'),
(190, 6, 9, NULL, '16610308809', 'elit@nequesedsem.ca', 'Morin', 'Esteban', 'CP 707, 9509 Libero. Impasse', 'Appartement 395-7599 Amet, Chemin', '13923 ', 'Drongen', '02 20 18 37 17', '2021-07-29'),
(191, 18, 2, NULL, '16311021244', 'purus.Nullam.scelerisque@Nuncullamcorpervelit.co.uk', 'Le goff', 'Nicolas', 'Appartement 487-9962 Dignissim Rd.', 'CP 349, 2607 Elit Avenue', '86715 ', 'Henis', '02 45 91 99 91', '1995-12-06'),
(192, 16, 14, NULL, '16350223670', 'viverra.Donec@semperauctorMauris.org', 'Julien', 'Élise', '8488 Dapibus Impasse', '370-4086 Primis Av.', '90418 ', 'La Roche-sur-Yon', '03 93 38 96 90', '1989-08-07'),
(193, 17, 12, NULL, '16190911103', 'natoque.penatibus@risusvariusorci.net', 'Royer', 'Margot', '7108 Mus. Chemin', '903-372 Magna, Avenue', '73594 ', 'Saint Paul', '06 71 86 84 87', '2008-03-03'),
(194, 13, 6, NULL, '16660527296', 'Aliquam@elementum.edu', 'David', 'Kimberley', '9955 Volutpat Rd.', 'CP 372, 4296 Sem Impasse', '32992 ', 'João Pessoa', '06 72 84 66 27', '1975-10-19'),
(195, 14, 3, NULL, '16031016033', 'sodales.nisi.magna@lacus.ca', 'Colin', 'Amandine', 'CP 450, 6213 Malesuada Rd.', '7472 Amet Ave', '99048 ', 'Cuautla', '01 99 80 00 14', '2001-09-11'),
(196, 17, 13, NULL, '16770408047', 'imperdiet.nec.leo@loremfringilla.com', 'Dumont', 'Catherine', 'CP 979, 3558 Sodales. Rue', 'Appartement 333-6999 Dui Avenue', '79871 ', 'Meeuwen', '09 57 14 47 95', '1985-05-25'),
(197, 14, 23, NULL, '16280124132', 'mollis.nec.cursus@bibendumDonec.ca', 'Legrand', 'Corentin', 'CP 584, 6741 Sem. Rd.', 'CP 456, 8034 Molestie. Rd.', '32517 ', 'Rodgau', '08 88 42 93 37', '2014-10-17'),
(198, 2, 3, NULL, '16120906276', 'tellus@sagittis.edu', 'Denis', 'Rosalie', 'CP 942, 1754 A Rd.', 'CP 877, 4609 Volutpat. Avenue', '40644 ', 'Stonewall', '05 89 84 66 90', '1996-02-01'),
(199, 6, 8, NULL, '16541129843', 'pede@ullamcorpervelit.edu', 'Blanc', 'Sarah', 'Appartement 995-5286 Ornare, Impasse', '475-2986 Lectus Rue', '11927 ', 'Macklin', '09 15 71 29 32', '1988-04-22'),
(200, 20, 16, NULL, '16120214744', 'arcu@feugiatLoremipsum.com', 'Moulin', 'Kimberley', '2423 Pede Impasse', 'CP 686, 8423 Nisi Rd.', '90131 ', 'Jedburgh', '07 59 30 42 14', '2019-07-24'),
(201, 17, 3, NULL, '16180729601', 'ultrices.mauris@loremut.com', 'Weber', 'Eva', 'Appartement 360-1720 Diam Impasse', 'Appartement 508-7601 Euismod Rue', '29464 ', 'Lac La Biche County', '03 55 41 75 84', '1989-12-13'),
(202, 18, 4, NULL, '16390322971', 'scelerisque.mollis@nullaInteger.org', 'Charpentier', 'Anaël', '377-5304 Id Rue', 'CP 649, 7696 Vitae Ave', '50504 ', 'Waiblingen', '05 11 01 47 28', '2015-06-02'),
(203, 8, 15, NULL, '16110507319', 'metus.In@senectus.ca', 'Dufour', 'Françoise', '1093 Ante Avenue', '6965 Velit. Impasse', '48605 ', 'Valbrevenna', '01 29 96 76 22', '1992-09-16'),
(204, 5, 4, NULL, '16600813798', 'orci.in.consequat@justo.edu', 'Simon', 'Florian', 'Appartement 574-7268 Non, Av.', '7880 Magna. Chemin', '40695 ', 'Forges', '04 79 37 84 36', '1991-12-01'),
(205, 13, 19, NULL, '16620515736', 'vulputate.lacus@iaculisaliquetdiam.org', 'Mercier', 'Rose', 'CP 595, 1667 Sed Rd.', '3907 Ante, Impasse', '20121 ', 'Tilly', '09 72 96 77 71', '1982-04-03'),
(206, 15, 4, NULL, '16100709264', 'dictum.augue.malesuada@nonleoVivamus.org', 'Philippe', 'Colin', 'CP 827, 2868 Praesent Avenue', 'CP 101, 7167 Non, Route', '75186 ', 'Melle', '06 05 85 66 63', '1997-12-31'),
(207, 18, 6, NULL, '16851013015', 'montes.nascetur.ridiculus@Phasellusdapibusquam.org', 'Durand', 'Kimberley', '1552 Dictum Av.', '574-7272 Velit Rd.', '94527 ', 'Göteborg', '06 72 17 66 78', '1983-09-14'),
(208, 20, 20, NULL, '16700920560', 'Phasellus.at.augue@sitamet.ca', 'Paris', 'Julien', '635-5870 Ipsum Ave', 'CP 173, 6160 Curabitur Impasse', '50682 ', 'Lobbes', '07 59 23 96 46', '2009-05-31'),
(209, 4, 2, NULL, '16920907135', 'vulputate@Sedcongue.org', 'Dupont', 'Marwane', '445-5576 Sem Chemin', 'CP 662, 1436 Fusce Ave', '30807 ', 'Maastricht', '04 45 97 02 73', '1977-10-03'),
(210, 2, 4, NULL, '16441008409', 'orci.tincidunt@pede.edu', 'Fournier', 'Marine', '3092 Lacinia Chemin', 'CP 558, 9327 Morbi Rue', '23854 ', 'Louisville', '07 05 55 66 09', '1991-05-21'),
(211, 20, 2, NULL, '16091011440', 'placerat@massaQuisqueporttitor.com', 'Sanchez', 'Thomas', 'Appartement 447-1311 Natoque Ave', 'Appartement 410-2626 Ante Route', '94073 ', 'Zaria', '02 79 63 28 09', '2014-12-19'),
(212, 15, 7, NULL, '16370919625', 'penatibus@loremDonec.org', 'Leveque', 'Baptiste', '3370 Ante Av.', '5890 Ultricies Av.', '98477 ', 'Codognè', '07 54 35 48 76', '1992-05-15'),
(213, 7, 11, NULL, '16780905875', 'ligula.Donec.luctus@laciniamattisInteger.co.uk', 'Olivier', 'Charlotte', 'CP 501, 8115 Sem Chemin', 'Appartement 782-7145 Luctus Rd.', '40997 ', 'Goutroux', '05 47 48 04 12', '1998-06-09'),
(214, 4, 16, NULL, '16040606186', 'et.euismod.et@molestie.org', 'Rousseau', 'Mattéo', 'CP 213, 2907 Elementum Av.', '716-5627 Pede. Impasse', '89962 ', 'Schore', '09 12 79 49 16', '2015-12-24'),
(215, 8, 17, NULL, '16070616891', 'Aenean.euismod@conubia.ca', 'Fournier', 'Elsa', '1146 Cras Ave', 'CP 942, 7822 Ut Impasse', '67794 ', 'Rezzoaglio', '02 11 04 39 82', '1984-11-13'),
(216, 16, 21, NULL, '16791015798', 'nec.malesuada@egetipsumDonec.co.uk', 'Garcia', 'Gaspard', '5789 Nulla. Avenue', 'Appartement 346-4903 Dapibus Route', '06669 ', 'Sibret', '07 80 49 15 34', '1992-12-14'),
(217, 7, 10, NULL, '16400208064', 'lectus@nec.co.uk', 'Andre', 'Lilou', 'Appartement 915-3159 Cursus Rd.', '3768 Sed, Rd.', '61231 ', 'Rodengo/Rodeneck', '01 76 86 67 50', '1978-03-25'),
(218, 5, 23, NULL, '16540310483', 'eget.volutpat.ornare@auguemalesuada.co.uk', 'Jean', 'Adrien', '366-2883 Vulputate, Route', 'Appartement 699-9705 Non Av.', '97728 ', 'Jabbeke', '06 78 09 41 73', '2005-04-09'),
(219, 1, 6, NULL, '16890316471', 'dui.in@Sed.net', 'Collet', 'Léonie', 'CP 652, 3551 Erat Rd.', 'Appartement 346-9178 Mollis Route', '76971 ', 'Aberdeen', '08 75 67 01 54', '1993-09-13'),
(220, 19, 1, NULL, '16370203339', 'eget@penatibus.net', 'Lefevre', 'Alexia', 'CP 200, 4376 Quisque Rd.', 'CP 809, 952 Proin Impasse', '46196 ', 'Erchie', '08 44 81 36 85', '1999-02-16'),
(221, 6, 4, NULL, '16400507124', 'ac.nulla.In@elit.net', 'Denis', 'Noah', 'CP 812, 2955 Sem Chemin', 'Appartement 482-3157 Et Rue', '54301 ', 'Bayreuth', '08 89 93 09 85', '1997-09-26'),
(222, 4, 7, NULL, '16851021359', 'non@ullamcorperviverraMaecenas.edu', 'Rey', 'Bastien', 'Appartement 983-2041 Nunc Route', 'CP 992, 1271 Curae; Av.', '80460 ', 'Viano', '03 37 50 93 10', '1992-02-02'),
(223, 19, 23, NULL, '16780915838', 'sollicitudin.commodo.ipsum@est.co.uk', 'Dumas', 'Louis', 'Appartement 937-1518 Cras Ave', 'Appartement 199-7444 Consectetuer, Impasse', '62594 ', 'Queanbeyan', '05 61 60 99 28', '1986-01-29'),
(224, 17, 8, NULL, '16470913676', 'convallis@Cras.com', 'Aubert', 'Maelys', 'Appartement 270-986 At Avenue', 'CP 234, 6201 Diam. Avenue', '86710 ', 'La Plata', '09 86 26 28 44', '2014-11-02'),
(225, 10, 3, NULL, '16330320675', 'in.hendrerit.consectetuer@a.ca', 'Gaillard', 'Enzo', '344-5260 Donec Route', 'CP 442, 9543 Amet, Avenue', '67871 ', 'Chhindwara', '01 00 65 76 24', '2000-01-31'),
(226, 10, 16, NULL, '16160501004', 'malesuada.malesuada@sagittis.org', 'Leveque', 'Mélanie', 'Appartement 496-4117 Vitae Impasse', 'CP 732, 1900 Penatibus Impasse', '48311 ', 'Braunschweig', '03 40 56 58 71', '1999-07-04'),
(227, 3, 14, NULL, '16730118188', 'Pellentesque@enimMauris.com', 'Julien', 'Syrine', 'CP 149, 7526 Suspendisse Rue', '7107 Nulla Rd.', '96704 ', 'Walsall', '02 89 47 30 45', '2018-03-02'),
(228, 7, 9, NULL, '16400421395', 'rutrum@iaculisquispede.co.uk', 'Jacob', 'Noah', '208-529 Egestas. Rd.', 'Appartement 427-2597 Volutpat. Rue', '05169 ', 'Mataró', '06 23 20 67 92', '2021-11-25'),
(229, 10, 8, NULL, '16461206691', 'pharetra.nibh.Aliquam@Craseget.ca', 'Adam', 'Émilie', 'CP 468, 8607 Nullam Av.', '925-2490 Proin Ave', '68949 ', 'Seattle', '02 58 93 44 11', '1983-03-15'),
(230, 16, 22, NULL, '16260400861', 'pede.ultrices.a@odioEtiamligula.co.uk', 'Germain', 'Adam', 'Appartement 292-9790 Magna Rue', 'CP 300, 391 Scelerisque Chemin', '00489 ', 'Cz?stochowa', '04 95 10 77 46', '1979-01-17'),
(231, 16, 11, NULL, '16940506937', 'vestibulum@Fusce.co.uk', 'Bourgeois', 'Mathéo', '4175 Integer Av.', '231 Nunc Rd.', '03356 ', 'Los Andes', '04 25 17 63 87', '1992-07-10'),
(232, 19, 17, NULL, '16450122954', 'erat.Sed.nunc@maurisrhoncusid.net', 'Jacquet', 'Élise', 'Appartement 680-126 Torquent Av.', '8207 Aliquam Rd.', '73202 ', 'Chetwynd', '09 20 71 55 36', '1976-02-17'),
(233, 6, 9, NULL, '16440815046', 'eros.Proin.ultrices@bibendumullamcorperDuis.net', 'Colin', 'Maelys', '616-2848 Nullam Chemin', '695-3799 Tortor. Route', '08065 ', 'Gallodoro', '04 03 59 05 87', '2009-08-05'),
(234, 4, 3, NULL, '16580520728', 'Sed.neque@etcommodoat.ca', 'Mathieu', 'Candice', '517-192 Dolor Impasse', 'Appartement 839-8250 Auctor Chemin', '44651 ', 'Jecheon', '03 58 66 07 08', '2012-04-13'),
(235, 12, 3, NULL, '16060310925', 'orci@maurisanunc.net', 'Denis', 'Kimberley', 'CP 445, 1053 Facilisi. Impasse', 'Appartement 885-9610 Sem, Rd.', '86089 ', 'Alhué', '01 54 92 70 31', '1976-08-14'),
(236, 20, 9, NULL, '16310322305', 'aliquam@ettristique.ca', 'Rodriguez', 'Chaïma', '6297 A Av.', '4360 Neque Impasse', '68447 ', 'Maizeret', '09 10 15 76 51', '2020-05-25'),
(237, 13, 16, NULL, '16660412463', 'enim.Sed.nulla@ullamcorpervelit.com', 'Aubert', 'Noë', '468-3300 Suscipit Chemin', '729-9745 Dictum Avenue', '48308 ', 'Valuyki', '02 83 74 95 86', '1988-01-26'),
(238, 5, 21, NULL, '16970824972', 'a.nunc@urnaNuncquis.ca', 'Poulain', 'Noémie', '703-9114 Dui. Av.', 'Appartement 463-190 Erat Av.', '73483 ', 'Riksingen', '02 02 99 46 99', '2009-10-21'),
(239, 3, 15, NULL, '16420110290', 'nunc.interdum.feugiat@volutpatNulladignissim.org', 'Daniel', 'Anna', '7359 Et, Rd.', '6190 Mi Avenue', '80134 ', 'Nice', '09 83 26 72 99', '2013-07-25'),
(240, 20, 19, NULL, '16890323822', 'eget@duiSuspendisseac.org', 'Charpentier', 'Malo', '780-5051 Vulputate Ave', '5206 Orci. Impasse', '67756 ', 'Aalen', '03 26 09 81 06', '1990-04-03'),
(241, 2, 17, NULL, '16740127932', 'cubilia.Curae.Phasellus@euismodurnaNullam.edu', 'Fabre', 'Léo', 'CP 361, 3514 Quisque Ave', 'CP 485, 9422 Ut, Chemin', '45341 ', 'Lodhran', '07 35 89 05 87', '1977-10-01'),
(242, 11, 21, NULL, '16441002882', 'Phasellus@liberoestcongue.ca', 'Remy', 'Guillaume', '201-8802 Cum Av.', 'Appartement 809-5726 Varius Rd.', '46141 ', 'Bothey', '06 72 31 67 83', '2015-03-11'),
(243, 10, 4, NULL, '16050203598', 'eu@varius.net', 'Vincent', 'Victor', '1396 Erat Ave', 'Appartement 764-2297 Eu Avenue', '01495 ', 'Indore', '05 06 71 08 73', '2003-04-08'),
(244, 11, 16, NULL, '16780102197', 'Praesent.eu@erosnec.ca', 'Sanchez', 'Davy', 'CP 390, 4038 Faucibus Rd.', 'Appartement 716-1074 Metus. Impasse', '22110 ', 'Gressoney-La-Trinitè', '06 76 94 07 15', '2014-02-23'),
(245, 9, 7, NULL, '16550226659', 'ipsum.Donec@egetnisi.org', 'Rolland', 'Paul', '585-1789 Fermentum Avenue', 'CP 364, 8123 Accumsan Route', '15843 ', 'Sainte-Flavie', '07 46 92 26 74', '1999-10-14'),
(246, 5, 20, NULL, '16511221359', 'ipsum.dolor.sit@ultricesiaculis.com', 'Renault', 'Florentin', 'CP 258, 4966 Et Rd.', 'Appartement 880-9544 Donec Impasse', '57569 ', 'New Bombay', '07 54 75 73 01', '2018-06-21'),
(247, 19, 8, NULL, '16880925175', 'sem@nequeetnunc.net', 'Morin', 'Clémence', 'CP 966, 917 Purus Rd.', '7290 Fusce Impasse', '21814 ', 'Gibbons', '07 46 61 11 89', '2004-09-06'),
(248, 9, 14, NULL, '16390324188', 'turpis.egestas.Aliquam@ipsumnon.net', 'Morin', 'Maïwenn', 'Appartement 715-8331 Augue, Route', 'Appartement 896-1092 Bibendum Chemin', '16204 ', 'Livo', '05 62 70 19 11', '1989-04-10'),
(249, 17, 9, NULL, '16020217144', 'ullamcorper.eu.euismod@NullamenimSed.net', 'Thomas', 'Aaron', 'CP 799, 9423 Aenean Av.', 'CP 640, 8145 At Rue', '30263 ', 'Nives', '07 73 04 82 68', '1995-08-02'),
(250, 14, 6, NULL, '16680902391', 'sed@consequatlectussit.org', 'Renard', 'Renaud', '384-3940 Et Route', '6365 Ante Rd.', '22275 ', 'Bairnsdale', '07 96 96 02 65', '1990-02-25'),
(251, 3, 21, NULL, '16690824879', 'tempus@euodio.com', 'Evrard', 'Ethan', 'CP 552, 7087 Dui Avenue', 'CP 694, 6684 Cum Impasse', '96385 ', 'Nashville', '09 14 16 33 58', '1991-04-05'),
(252, 10, 19, NULL, '16971214533', 'ipsum@libero.ca', 'Marechal', 'Alexandra', 'Appartement 270-8844 Ullamcorper. Avenue', 'CP 456, 3056 Posuere Route', '38788 ', 'Wilmont', '01 56 50 93 64', '2003-04-24'),
(253, 3, 7, NULL, '16020234861', 'lobortis.quam.a@fermentum.net', 'Lacroix', 'Louise', 'Appartement 666-6692 Sollicitudin Av.', 'Appartement 785-5658 Dapibus Rd.', '23916 ', 'Collecchio', '02 66 52 13 56', '2007-07-06'),
(254, 15, 8, NULL, '16611221708', 'ac.arcu.Nunc@nec.org', 'Bouvier', 'Gilbert', '578-1605 Duis Route', '9440 Velit. Ave', '04086 ', 'San Juan (San Juan de Tibás)', '01 08 03 75 31', '2000-11-12'),
(255, 11, 12, NULL, '16600913337', 'malesuada.fames@pharetranibh.ca', 'Bonnet', 'Anaïs', 'CP 851, 1085 Nonummy Impasse', '160-5643 Euismod Ave', '15199 ', 'Nalinnes', '03 55 14 25 83', '1996-11-05');
INSERT INTO `licencie` (`id`, `club_id`, `qualite_id`, `compte_id`, `num_licence`, `email`, `nom`, `prenom`, `adresse1`, `adresse2`, `cp`, `ville`, `tel`, `date_adhesion`) VALUES
(256, 16, 7, NULL, '16640822698', 'risus@pedeultrices.net', 'Denis', 'Zacharis', '4919 Vitae Avenue', 'Appartement 153-5599 Etiam Rue', '39053 ', 'MalŽves-Sainte-Marie-Wastines', '06 06 44 41 27', '1978-03-21'),
(257, 14, 20, NULL, '16110422992', 'sociis.natoque.penatibus@velesttempor.com', 'Barre', 'Clotilde', 'CP 179, 4638 Cras Impasse', '358-5974 A, Impasse', '32725 ', 'Mérida', '02 37 08 10 12', '1994-03-16'),
(258, 2, 21, NULL, '16521024470', 'fringilla.est.Mauris@scelerisqueduiSuspendisse.net', 'Meyer', 'Louise', '8161 Sagittis Rd.', 'Appartement 236-3563 Duis Ave', '90471 ', 'Filignano', '05 52 11 80 58', '2004-08-14'),
(259, 9, 14, NULL, '16461005020', 'urna.Nunc@egestas.co.uk', 'Weber', 'Angelina', 'CP 125, 374 Penatibus Avenue', '581-962 Id Ave', '59352 ', 'Ketchikan', '02 62 50 88 64', '1989-01-19'),
(260, 2, 20, NULL, '16580719840', 'euismod@imperdiet.net', 'Boulanger', 'Rosalie', '594-9270 At, Ave', 'CP 121, 8393 Consectetuer Impasse', '97298 ', 'Dendermonde', '05 63 00 65 03', '2004-05-24'),
(261, 6, 1, NULL, '16250621763', 'penatibus.et.magnis@sagittislobortis.co.uk', 'Charles', 'Adrian', '1587 Pharetra, Avenue', '7485 Nec, Avenue', '16214 ', 'Los Vilos', '08 86 01 94 40', '1990-09-08'),
(262, 16, 9, NULL, '16970920799', 'Suspendisse@nec.com', 'Morin', 'Edwige', '3647 Non, Rd.', 'CP 549, 3570 Aliquet Chemin', '34795 ', 'Dörtyol', '07 99 96 60 39', '1989-01-09'),
(263, 12, 17, NULL, '16450607539', 'ut@vitaediamProin.edu', 'Le roux', 'Margot', '9636 Sed, Ave', '6270 A Route', '62048 ', 'San Donato di Ninea', '09 47 85 49 80', '1979-03-31'),
(264, 10, 23, NULL, '16570624373', 'commodo.ipsum.Suspendisse@mauris.co.uk', 'Dupuy', 'Pierre', '111 Penatibus Av.', 'CP 708, 2665 Vitae Ave', '82423 ', 'Bida', '06 73 11 28 17', '1980-09-29'),
(265, 20, 12, NULL, '16760621300', 'nibh.Quisque.nonummy@sapien.net', 'Roche', 'Chaïma', 'CP 904, 849 Molestie Chemin', '281-7348 Faucibus Rue', '53150 ', 'Pochep', '09 29 05 00 62', '2002-03-02'),
(266, 6, 14, NULL, '16960103342', 'Lorem.ipsum@enim.edu', 'Mallet', 'Catherine', '991-3637 Augue Chemin', 'Appartement 163-9196 Tempus Rd.', '70643 ', 'Ripacandida', '06 49 00 17 29', '2004-09-11'),
(267, 8, 8, NULL, '16421104982', 'magna@dis.net', 'Masson', 'Antonin', 'CP 400, 4147 Ut Rd.', '149-4970 Mauris Avenue', '77550 ', 'Navidad', '09 24 74 99 09', '1977-10-22'),
(268, 13, 10, NULL, '16950204890', 'commodo.ipsum@montesnascetur.net', 'Royer', 'Adrian', '5601 Facilisis Impasse', '660-4029 Sed Av.', '13976 ', 'Farrukhabad-cum-Fatehgarh', '02 19 78 21 95', '1977-06-05'),
(269, 7, 19, NULL, '16241002344', 'Donec.porttitor@mattisvelitjusto.ca', 'Masson', 'Kilian', '347-9190 Urna. Chemin', 'Appartement 554-5428 Semper Avenue', '99170 ', 'Cirencester', '01 02 52 28 30', '2004-08-27'),
(270, 15, 6, NULL, '16431202711', 'massa.lobortis.ultrices@ligulaAeneangravida.co.uk', 'Pons', 'Océane', 'CP 928, 7660 Tincidunt Rd.', 'Appartement 504-5164 Etiam Rue', '64315 ', 'Moere', '07 58 99 95 16', '1990-10-08'),
(271, 13, 22, NULL, '16380605172', 'vulputate.eu@necurna.org', 'Paul', 'Aaron', '402-293 Risus. Rd.', 'Appartement 597-2742 Vel, Av.', '88436 ', 'Champdani', '01 26 78 24 75', '2021-12-19'),
(272, 11, 17, NULL, '16530516287', 'parturient@facilisisfacilisis.ca', 'Gauthier', 'Louna', '109-5978 Dolor. Route', 'CP 271, 9601 Curae; Impasse', '16874 ', 'Sint-Lambrechts-Herk', '07 79 57 75 34', '2021-05-12'),
(273, 9, 1, NULL, '16831201084', 'sem.mollis.dui@mauriserateget.org', 'Charpentier', 'Nathan', '7047 Purus. Av.', 'CP 321, 3245 Odio. Rue', '92201 ', 'Mansehra', '02 46 55 70 34', '1997-11-28'),
(274, 8, 16, NULL, '16191227754', 'Nunc@dapibusgravida.edu', 'Gonzalez', 'Romane', 'CP 935, 454 Sed Avenue', '410-110 Sed Rd.', '97771 ', 'Jaboatão dos Guararapes', '06 12 69 35 68', '2006-08-14'),
(275, 5, 15, NULL, '16910609373', 'magna@sitametorci.com', 'Vasseur', 'Clémence', 'Appartement 806-7045 Mi Rue', '8140 Et Av.', '02178 ', 'Frascati', '05 67 29 82 81', '1998-08-22'),
(276, 10, 12, NULL, '16681119078', 'eget@pellentesque.org', 'Prevost', 'Yanis', '292-6982 Montes, Route', 'CP 279, 5867 Sed Impasse', '12202 ', 'Kempten', '05 35 63 36 37', '1981-11-09'),
(277, 1, 17, NULL, '16400521873', 'porttitor@dapibusgravida.com', 'Renaud', 'Tatiana', '590-5617 Ornare Rd.', 'CP 151, 6699 Donec Rue', '46133 ', 'Ficulle', '09 37 02 51 46', '1987-12-29'),
(278, 16, 11, NULL, '16540822780', 'Suspendisse.aliquet.sem@semperpretiumneque.co.uk', 'Germain', 'Fanny', '4393 Lobortis Ave', '758-3788 Lobortis. Route', '72939 ', 'Langholm', '07 36 65 46 78', '1976-11-10'),
(279, 16, 23, NULL, '16930209191', 'neque.venenatis@loremluctusut.co.uk', 'Rey', 'Tatiana', '868-5037 Morbi Rue', 'CP 233, 6779 Vivamus Av.', '74115 ', 'Puerto Nariño', '04 77 63 14 88', '2020-07-30'),
(280, 12, 5, NULL, '16830602713', 'et.ultrices.posuere@nislsemconsequat.com', 'Fleury', 'Zacharis', '753-9639 Eget, Impasse', 'CP 261, 7531 Magna Rd.', '01046 ', 'Beaufays', '01 08 36 01 55', '2000-10-30'),
(281, 20, 6, NULL, '16331108095', 'Quisque@Phasellus.com', 'Dumont', 'Lorenzo', 'Appartement 387-5334 Mauris Rd.', '4378 Non, Chemin', '31200 ', 'Montenero Val Cocchiara', '01 26 69 60 20', '1984-12-02'),
(282, 5, 21, NULL, '16920620029', 'lorem.eget@diamdictum.com', 'Moreau', 'Anaïs', 'CP 668, 343 Feugiat. Av.', '457-7811 Fusce Rue', '23002 ', 'Magangué', '01 60 77 26 10', '1999-10-16'),
(283, 17, 7, NULL, '16920606293', 'pede@ante.com', 'Marty', 'Kyllian', '450-7699 Sit Route', '8618 Justo Route', '58757 ', 'Starachowice', '07 02 50 54 26', '2018-10-28'),
(284, 9, 23, NULL, '16590307140', 'eu.accumsan.sed@euismodest.com', 'Vincent', 'Charlotte', 'Appartement 431-8121 Sit Rd.', '899 Nonummy Chemin', '57932 ', 'Villa del Rosario', '08 53 10 27 28', '1982-05-03'),
(285, 5, 23, NULL, '16151120459', 'nibh.dolor.nonummy@dui.edu', 'Laine', 'Corentin', '994-7092 Diam. Rue', '761-3162 Litora Ave', '46762 ', 'Arsimont', '05 19 82 48 54', '2021-08-21'),
(286, 8, 5, NULL, '16640911211', 'neque@velitCraslorem.co.uk', 'Etienne', 'Rémi', 'CP 983, 338 Cursus Rue', 'CP 610, 7680 Enim. Rd.', '34315 ', 'Chetwynd', '02 87 21 61 74', '1976-02-12'),
(287, 7, 12, NULL, '16370422817', 'ridiculus.mus.Donec@consectetuer.edu', 'Bonnet', 'Quentin', 'CP 669, 9486 Vestibulum. Impasse', 'CP 306, 2472 Sapien. Route', '02430 ', 'Sale', '05 12 21 78 94', '1977-03-19'),
(288, 15, 22, NULL, '16980525993', 'Curabitur.egestas.nunc@nibh.co.uk', 'Marechal', 'Alexia', 'CP 429, 9753 Nunc Impasse', 'Appartement 878-5620 Mauris. Rd.', '00776 ', 'Mainz', '06 31 50 96 27', '2007-09-11'),
(289, 14, 17, NULL, '16270803490', 'Quisque.imperdiet@nislMaecenasmalesuada.net', 'Legrand', 'Margot', '797-4142 Vitae Av.', 'CP 412, 3016 Non Impasse', '48461 ', 'Hatfield', '03 64 90 65 54', '2008-07-17'),
(290, 12, 3, NULL, '16150805149', 'lacus@ligulaAeneangravida.com', 'Lucas', 'Gilbert', 'Appartement 123-6008 Elit. Rue', 'CP 858, 7617 Vitae Ave', '07353 ', 'Nagpur', '09 46 70 96 92', '1987-07-08'),
(291, 17, 19, NULL, '16570918806', 'vitae.purus@dolorNullasemper.edu', 'Guillaume', 'Jordan', 'CP 455, 8566 Neque Impasse', '250-2582 Mollis. Av.', '60610 ', 'Cañas', '09 84 91 98 27', '2021-10-26'),
(292, 18, 3, NULL, '16721103425', 'lacus.Quisque@tristique.ca', 'Mercier', 'Clémence', '280-5320 Interdum. Avenue', '358-1361 Est. Impasse', '75837 ', 'Lenna', '01 89 82 23 63', '1993-03-11'),
(293, 3, 23, NULL, '16510407559', 'Nulla.facilisi.Sed@Curabituregestasnunc.edu', 'Charpentier', 'Anna', '6871 Libero Av.', '3295 Eget, Ave', '97620 ', 'Tione di Trento', '08 17 66 66 39', '1990-06-16'),
(294, 18, 16, NULL, '16151127989', 'lorem@sedtortorInteger.ca', 'Fournier', 'Maïlé', 'Appartement 199-1281 Ornare Rd.', '8053 Velit Chemin', '48407 ', 'Pocheon', '03 05 17 14 21', '1981-11-05'),
(295, 17, 22, NULL, '16741019471', 'imperdiet@accumsanneque.net', 'Marechal', 'Noë', '6261 Praesent Chemin', '3570 Metus Chemin', '44825 ', 'Serampore', '09 39 45 34 81', '2017-07-24'),
(296, 5, 3, NULL, '16911218093', 'nibh.vulputate.mauris@Sed.edu', 'Blanchard', 'Jasmine', '209-5524 Duis Rue', '506-946 Nullam Chemin', '64382 ', 'Bergama', '02 56 94 12 82', '1994-01-14'),
(297, 6, 14, NULL, '16651107924', 'in.cursus@quamafelis.ca', 'Thomas', 'Romain', 'Appartement 704-7123 Enim Ave', 'Appartement 942-8609 Taciti Ave', '80963 ', 'Conca Casale', '01 57 54 67 42', '1980-12-07'),
(298, 19, 16, NULL, '16950906196', 'orci.luctus@rhoncusProin.ca', 'Herve', 'Lilian', '599-3634 Nisl. Rue', 'Appartement 280-4412 Ipsum. Av.', '15154 ', 'Wardha', '03 63 55 39 31', '1991-02-18'),
(299, 17, 20, NULL, '16560715389', 'dui.nec.tempus@quamCurabiturvel.ca', 'Jacob', 'Loevan', 'CP 936, 2225 Et Rd.', '7055 Vestibulum Chemin', '22101 ', 'Edremit', '03 97 70 27 29', '2002-09-10'),
(300, 13, 23, NULL, '16111117109', 'fermentum.metus.Aenean@miDuisrisus.ca', 'Joly', 'Benjamin', '924-5669 Ad Rd.', 'Appartement 758-9185 Enim. Chemin', '54414 ', 'Schwechat', '04 66 06 47 11', '2001-11-04');

-- --------------------------------------------------------

--
-- Structure de la table `nuite`
--

DROP TABLE IF EXISTS `nuite`;
CREATE TABLE IF NOT EXISTS `nuite` (
  `id` int(11) NOT NULL AUTO_INCREMENT,
  `proposer_id` int(11) NOT NULL,
  `date_nuitee` date NOT NULL,
  PRIMARY KEY (`id`),
  KEY `IDX_8D4CB715B13FA634` (`proposer_id`)
) ENGINE=InnoDB AUTO_INCREMENT=9 DEFAULT CHARSET=utf8mb4 COLLATE=utf8mb4_unicode_ci;

--
-- Déchargement des données de la table `nuite`
--

INSERT INTO `nuite` (`id`, `proposer_id`, `date_nuitee`) VALUES
(1, 1, '2021-09-13'),
(2, 2, '2021-09-13'),
(3, 3, '2021-09-13'),
(4, 4, '2021-09-13'),
(5, 1, '2021-09-14'),
(6, 2, '2021-09-14'),
(7, 3, '2021-09-14'),
(8, 4, '2021-09-14');

-- --------------------------------------------------------

--
-- Structure de la table `proposer`
--

DROP TABLE IF EXISTS `proposer`;
CREATE TABLE IF NOT EXISTS `proposer` (
  `id` int(11) NOT NULL AUTO_INCREMENT,
  `hotel_id` int(11) NOT NULL,
  `categorie_chambre_id` int(11) NOT NULL,
  `tarif_nuite` int(11) NOT NULL,
  PRIMARY KEY (`id`),
  KEY `IDX_21866C153243BB18` (`hotel_id`),
  KEY `IDX_21866C155DEB5F8` (`categorie_chambre_id`)
) ENGINE=InnoDB AUTO_INCREMENT=5 DEFAULT CHARSET=utf8mb4 COLLATE=utf8mb4_unicode_ci;

--
-- Déchargement des données de la table `proposer`
--

INSERT INTO `proposer` (`id`, `hotel_id`, `categorie_chambre_id`, `tarif_nuite`) VALUES
(1, 1, 1, 61),
(2, 1, 2, 62),
(3, 2, 1, 112),
(4, 2, 2, 122);

-- --------------------------------------------------------

--
-- Structure de la table `qualite`
--

DROP TABLE IF EXISTS `qualite`;
CREATE TABLE IF NOT EXISTS `qualite` (
  `id` int(11) NOT NULL AUTO_INCREMENT,
  `libelle` varchar(255) COLLATE utf8mb4_unicode_ci NOT NULL,
  PRIMARY KEY (`id`)
) ENGINE=InnoDB AUTO_INCREMENT=24 DEFAULT CHARSET=utf8mb4 COLLATE=utf8mb4_unicode_ci;

--
-- Déchargement des données de la table `qualite`
--

INSERT INTO `qualite` (`id`, `libelle`) VALUES
(1, 'Licencie'),
(2, 'Président de ligue'),
(3, 'Président de club'),
(4, 'Président de CD'),
(5, 'Vice-Président de ligue'),
(6, 'Vice-Président de club'),
(7, 'Vice-Président de CD'),
(8, 'secrétaire de ligue'),
(9, 'secrétaire de club'),
(10, 'secrétaire de CD'),
(11, 'Trésorier de ligue'),
(12, 'Trésorier de club'),
(13, 'Trésorier de CD'),
(14, 'Maitre d\'armes'),
(15, 'Eleve Maitre'),
(16, 'Cadre Technique Régional'),
(17, 'Relais'),
(18, 'Coordinateur de Pôle'),
(19, 'Athlète de Haut Niveau'),
(20, 'TBenevole de Club'),
(21, 'Animateur'),
(22, 'FFE'),
(23, 'Trésorier de CD');

-- --------------------------------------------------------

--
-- Structure de la table `reset_password_request`
--

DROP TABLE IF EXISTS `reset_password_request`;
CREATE TABLE IF NOT EXISTS `reset_password_request` (
  `id` int(11) NOT NULL AUTO_INCREMENT,
  `user_id` int(11) NOT NULL,
  `selector` varchar(20) COLLATE utf8mb4_unicode_ci NOT NULL,
  `hashed_token` varchar(100) COLLATE utf8mb4_unicode_ci NOT NULL,
  `requested_at` datetime NOT NULL COMMENT '(DC2Type:datetime_immutable)',
  `expires_at` datetime NOT NULL COMMENT '(DC2Type:datetime_immutable)',
  PRIMARY KEY (`id`),
  KEY `IDX_7CE748AA76ED395` (`user_id`)
) ENGINE=InnoDB DEFAULT CHARSET=utf8mb4 COLLATE=utf8mb4_unicode_ci;

-- --------------------------------------------------------

--
-- Structure de la table `restauration`
--

DROP TABLE IF EXISTS `restauration`;
CREATE TABLE IF NOT EXISTS `restauration` (
  `id` int(11) NOT NULL AUTO_INCREMENT,
  `inscription_id` int(11) DEFAULT NULL,
  `date_restauration` date NOT NULL,
  `type_repas` varchar(255) COLLATE utf8mb4_unicode_ci NOT NULL,
  PRIMARY KEY (`id`),
  KEY `IDX_898B1EF15DAC5993` (`inscription_id`)
) ENGINE=InnoDB AUTO_INCREMENT=3 DEFAULT CHARSET=utf8mb4 COLLATE=utf8mb4_unicode_ci;

--
-- Déchargement des données de la table `restauration`
--

INSERT INTO `restauration` (`id`, `inscription_id`, `date_restauration`, `type_repas`) VALUES
(1, 1, '2021-09-14', 'déjeuner'),
(2, 1, '2021-09-14', 'dîner');

-- --------------------------------------------------------

--
-- Structure de la table `theme`
--

DROP TABLE IF EXISTS `theme`;
CREATE TABLE IF NOT EXISTS `theme` (
  `id` int(11) NOT NULL AUTO_INCREMENT,
  `libelle` varchar(255) COLLATE utf8mb4_unicode_ci NOT NULL,
  PRIMARY KEY (`id`)
) ENGINE=InnoDB AUTO_INCREMENT=4 DEFAULT CHARSET=utf8mb4 COLLATE=utf8mb4_unicode_ci;

--
-- Déchargement des données de la table `theme`
--

INSERT INTO `theme` (`id`, `libelle`) VALUES
(1, 'Diagnostique et indentification des critères du club'),
(2, 'Analyse systémique de l\'environnement et méthodologie de mise en œuvre du projet'),
(3, 'Actions solidaires et innovantes');

-- --------------------------------------------------------

--
-- Structure de la table `user`
--

DROP TABLE IF EXISTS `user`;
CREATE TABLE IF NOT EXISTS `user` (
  `id` int(11) NOT NULL AUTO_INCREMENT,
  `num_licence` varchar(180) COLLATE utf8mb4_unicode_ci NOT NULL,
  `roles` longtext COLLATE utf8mb4_unicode_ci NOT NULL COMMENT '(DC2Type:json)',
  `password` varchar(255) COLLATE utf8mb4_unicode_ci NOT NULL,
  `email` varchar(255) COLLATE utf8mb4_unicode_ci NOT NULL,
  PRIMARY KEY (`id`),
  UNIQUE KEY `UNIQ_8D93D649D8A9FCA1` (`num_licence`)
) ENGINE=InnoDB AUTO_INCREMENT=10 DEFAULT CHARSET=utf8mb4 COLLATE=utf8mb4_unicode_ci;

--
-- Déchargement des données de la table `user`
--

INSERT INTO `user` (`id`, `num_licence`, `roles`, `password`, `email`) VALUES
(9, '16410512443', '[\"ROLE_USER\"]', '$argon2id$v=19$m=65536,t=4,p=1$Yk1DbGlVeFJuVGZ2NTVXeQ$0NKTNCzRw/pRiFGpM5+hP9DpF0CPBq3n96w4iswKnw8', 'test@test.co');

-- --------------------------------------------------------

--
-- Structure de la table `vacation`
--

DROP TABLE IF EXISTS `vacation`;
CREATE TABLE IF NOT EXISTS `vacation` (
  `id` int(11) NOT NULL AUTO_INCREMENT,
  `atelier_id` int(11) DEFAULT NULL,
  `date_heure_debut` datetime NOT NULL,
  `date_heure_fin` datetime NOT NULL,
  PRIMARY KEY (`id`),
  KEY `IDX_E3DADF7582E2CF35` (`atelier_id`)
) ENGINE=InnoDB AUTO_INCREMENT=4 DEFAULT CHARSET=utf8mb4 COLLATE=utf8mb4_unicode_ci;

--
-- Déchargement des données de la table `vacation`
--

INSERT INTO `vacation` (`id`, `atelier_id`, `date_heure_debut`, `date_heure_fin`) VALUES
(1, 1, '2016-01-01 00:00:00', '2016-01-01 02:00:00'),
(2, 1, '2016-01-01 00:00:00', '2016-01-01 03:00:00'),
(3, 1, '2020-04-03 02:00:00', '2020-04-03 03:00:00');

--
-- Contraintes pour les tables déchargées
--

--
-- Contraintes pour la table `atelier_inscription`
--
ALTER TABLE `atelier_inscription`
  ADD CONSTRAINT `FK_20EC8DC85DAC5993` FOREIGN KEY (`inscription_id`) REFERENCES `inscription` (`id`) ON DELETE CASCADE,
  ADD CONSTRAINT `FK_20EC8DC882E2CF35` FOREIGN KEY (`atelier_id`) REFERENCES `atelier` (`id`) ON DELETE CASCADE;

--
-- Contraintes pour la table `atelier_theme`
--
ALTER TABLE `atelier_theme`
  ADD CONSTRAINT `FK_AEB6D34359027487` FOREIGN KEY (`theme_id`) REFERENCES `theme` (`id`) ON DELETE CASCADE,
  ADD CONSTRAINT `FK_AEB6D34382E2CF35` FOREIGN KEY (`atelier_id`) REFERENCES `atelier` (`id`) ON DELETE CASCADE;

--
-- Contraintes pour la table `inscription`
--
ALTER TABLE `inscription`
  ADD CONSTRAINT `FK_5E90F6D6F2C56620` FOREIGN KEY (`compte_id`) REFERENCES `user` (`id`);

--
-- Contraintes pour la table `inscription_nuite`
--
ALTER TABLE `inscription_nuite`
  ADD CONSTRAINT `FK_DF05E3585DAC5993` FOREIGN KEY (`inscription_id`) REFERENCES `inscription` (`id`) ON DELETE CASCADE,
  ADD CONSTRAINT `FK_DF05E358A84291E2` FOREIGN KEY (`nuite_id`) REFERENCES `nuite` (`id`) ON DELETE CASCADE;

--
-- Contraintes pour la table `licencie`
--
ALTER TABLE `licencie`
  ADD CONSTRAINT `FK_3B75561261190A32` FOREIGN KEY (`club_id`) REFERENCES `club` (`id`),
  ADD CONSTRAINT `FK_3B755612A6338570` FOREIGN KEY (`qualite_id`) REFERENCES `qualite` (`id`),
  ADD CONSTRAINT `FK_3B755612F2C56620` FOREIGN KEY (`compte_id`) REFERENCES `user` (`id`);

--
-- Contraintes pour la table `nuite`
--
ALTER TABLE `nuite`
  ADD CONSTRAINT `FK_8D4CB715B13FA634` FOREIGN KEY (`proposer_id`) REFERENCES `proposer` (`id`);

--
-- Contraintes pour la table `proposer`
--
ALTER TABLE `proposer`
  ADD CONSTRAINT `FK_21866C153243BB18` FOREIGN KEY (`hotel_id`) REFERENCES `hotel` (`id`),
  ADD CONSTRAINT `FK_21866C155DEB5F8` FOREIGN KEY (`categorie_chambre_id`) REFERENCES `categorie_chambre` (`id`);

--
-- Contraintes pour la table `reset_password_request`
--
ALTER TABLE `reset_password_request`
  ADD CONSTRAINT `FK_7CE748AA76ED395` FOREIGN KEY (`user_id`) REFERENCES `user` (`id`);

--
-- Contraintes pour la table `restauration`
--
ALTER TABLE `restauration`
  ADD CONSTRAINT `FK_898B1EF15DAC5993` FOREIGN KEY (`inscription_id`) REFERENCES `inscription` (`id`);

--
-- Contraintes pour la table `vacation`
--
ALTER TABLE `vacation`
  ADD CONSTRAINT `FK_E3DADF7582E2CF35` FOREIGN KEY (`atelier_id`) REFERENCES `atelier` (`id`);
COMMIT;

/*!40101 SET CHARACTER_SET_CLIENT=@OLD_CHARACTER_SET_CLIENT */;
/*!40101 SET CHARACTER_SET_RESULTS=@OLD_CHARACTER_SET_RESULTS */;
/*!40101 SET COLLATION_CONNECTION=@OLD_COLLATION_CONNECTION */;
